/*
SQLyog Ultimate v12.08 (64 bit)
MySQL - 5.7.28 : Database - manager
*********************************************************************
*/

/*!40101 SET NAMES utf8 */;

/*!40101 SET SQL_MODE=''*/;

/*!40014 SET @OLD_UNIQUE_CHECKS=@@UNIQUE_CHECKS, UNIQUE_CHECKS=0 */;
/*!40014 SET @OLD_FOREIGN_KEY_CHECKS=@@FOREIGN_KEY_CHECKS, FOREIGN_KEY_CHECKS=0 */;
/*!40101 SET @OLD_SQL_MODE=@@SQL_MODE, SQL_MODE='NO_AUTO_VALUE_ON_ZERO' */;
/*!40111 SET @OLD_SQL_NOTES=@@SQL_NOTES, SQL_NOTES=0 */;
CREATE DATABASE /*!32312 IF NOT EXISTS*/`manager` /*!40100 DEFAULT CHARACTER SET utf8mb4 */;

USE `manager`;

/*Table structure for table `ACT_EVT_LOG` */

DROP TABLE IF EXISTS `ACT_EVT_LOG`;

CREATE TABLE `ACT_EVT_LOG` (
  `LOG_NR_` bigint(20) NOT NULL AUTO_INCREMENT,
  `TYPE_` varchar(64) COLLATE utf8_bin DEFAULT NULL,
  `PROC_DEF_ID_` varchar(64) COLLATE utf8_bin DEFAULT NULL,
  `PROC_INST_ID_` varchar(64) COLLATE utf8_bin DEFAULT NULL,
  `EXECUTION_ID_` varchar(64) COLLATE utf8_bin DEFAULT NULL,
  `TASK_ID_` varchar(64) COLLATE utf8_bin DEFAULT NULL,
  `TIME_STAMP_` timestamp(3) NOT NULL DEFAULT CURRENT_TIMESTAMP(3) ON UPDATE CURRENT_TIMESTAMP(3),
  `USER_ID_` varchar(255) COLLATE utf8_bin DEFAULT NULL,
  `DATA_` longblob,
  `LOCK_OWNER_` varchar(255) COLLATE utf8_bin DEFAULT NULL,
  `LOCK_TIME_` timestamp(3) NULL DEFAULT NULL,
  `IS_PROCESSED_` tinyint(4) DEFAULT '0',
  PRIMARY KEY (`LOG_NR_`)
) ENGINE=InnoDB DEFAULT CHARSET=utf8 COLLATE=utf8_bin;

/*Data for the table `ACT_EVT_LOG` */

/*Table structure for table `ACT_GE_BYTEARRAY` */

DROP TABLE IF EXISTS `ACT_GE_BYTEARRAY`;

CREATE TABLE `ACT_GE_BYTEARRAY` (
  `ID_` varchar(64) COLLATE utf8_bin NOT NULL,
  `REV_` int(11) DEFAULT NULL,
  `NAME_` varchar(255) COLLATE utf8_bin DEFAULT NULL,
  `DEPLOYMENT_ID_` varchar(64) COLLATE utf8_bin DEFAULT NULL,
  `BYTES_` longblob,
  `GENERATED_` tinyint(4) DEFAULT NULL,
  PRIMARY KEY (`ID_`),
  KEY `ACT_FK_BYTEARR_DEPL` (`DEPLOYMENT_ID_`),
  CONSTRAINT `ACT_FK_BYTEARR_DEPL` FOREIGN KEY (`DEPLOYMENT_ID_`) REFERENCES `ACT_RE_DEPLOYMENT` (`ID_`)
) ENGINE=InnoDB DEFAULT CHARSET=utf8 COLLATE=utf8_bin;

/*Data for the table `ACT_GE_BYTEARRAY` */

insert  into `ACT_GE_BYTEARRAY`(`ID_`,`REV_`,`NAME_`,`DEPLOYMENT_ID_`,`BYTES_`,`GENERATED_`) values ('2',1,'baoxiao.bpmn','1','<?xml version=\"1.0\" encoding=\"UTF-8\" standalone=\"yes\"?>\r\n<definitions xmlns=\"http://www.omg.org/spec/BPMN/20100524/MODEL\" xmlns:activiti=\"http://activiti.org/bpmn\"  xmlns:bpmndi=\"http://www.omg.org/spec/BPMN/20100524/DI\" xmlns:dc=\"http://www.omg.org/spec/DD/20100524/DC\" xmlns:di=\"http://www.omg.org/spec/DD/20100524/DI\" xmlns:tns=\"http://www.activiti.org/testm1583134321766\" xmlns:xsd=\"http://www.w3.org/2001/XMLSchema\" xmlns:xsi=\"http://www.w3.org/2001/XMLSchema-instance\" expressionLanguage=\"http://www.w3.org/1999/XPath\" id=\"m1583134321766\" name=\"\" targetNamespace=\"http://www.activiti.org/testm1583134321766\" typeLanguage=\"http://www.w3.org/2001/XMLSchema\">\r\n  <process id=\"myProcess_1\" isClosed=\"false\" isExecutable=\"true\" name=\"submit\" processType=\"None\">\r\n    <startEvent id=\"_2\" name=\"StartEvent\"/>\r\n    <userTask activiti:assignee=\"${adminUserId}\" activiti:exclusive=\"true\" id=\"_5\" name=\"管理员审批\"/>\r\n    <endEvent id=\"_7\" name=\"EndEvent\"/>\r\n    <exclusiveGateway gatewayDirection=\"Unspecified\" id=\"_9\" name=\"ExclusiveGateway\"/>\r\n    <sequenceFlow id=\"_10\" sourceRef=\"_5\" targetRef=\"_9\"/>\r\n    <sequenceFlow id=\"_12\" name=\"通过\" sourceRef=\"_9\" targetRef=\"_7\">\r\n      <conditionExpression xsi:type=\"tFormalExpression\">\r\n        <![CDATA[${flage==true}]]>\r\n      </conditionExpression>\r\n    </sequenceFlow>\r\n    <userTask activiti:assignee=\"${soruceUserId}\" activiti:exclusive=\"true\" id=\"_16\" name=\"重新提交\"/>\r\n    <sequenceFlow id=\"_17\" name=\"驳回\" sourceRef=\"_9\" targetRef=\"_16\">\r\n      <conditionExpression xsi:type=\"tFormalExpression\">\r\n        <![CDATA[${flage==false}]]>\r\n      </conditionExpression>\r\n    </sequenceFlow>\r\n    <exclusiveGateway gatewayDirection=\"Unspecified\" id=\"_19\" name=\"ExclusiveGateway\"/>\r\n    <sequenceFlow id=\"_20\" name=\"重新提交申请\" sourceRef=\"_19\" targetRef=\"_5\">\r\n      <conditionExpression xsi:type=\"tFormalExpression\">\r\n        <![CDATA[${flage==true}]]>\r\n      </conditionExpression>\r\n    </sequenceFlow>\r\n    <sequenceFlow id=\"_21\" name=\"撤销申请\" sourceRef=\"_19\" targetRef=\"_7\">\r\n      <conditionExpression xsi:type=\"tFormalExpression\">\r\n        <![CDATA[${flage==false}]]>\r\n      </conditionExpression>\r\n    </sequenceFlow>\r\n    <sequenceFlow id=\"_22\" sourceRef=\"_16\" targetRef=\"_19\"/>\r\n    <sequenceFlow id=\"_23\" sourceRef=\"_2\" targetRef=\"_5\"/>\r\n  </process>\r\n  <bpmndi:BPMNDiagram documentation=\"background=#3C3F41;count=1;horizontalcount=1;orientation=0;width=842.4;height=1195.2;imageableWidth=832.4;imageableHeight=1185.2;imageableX=5.0;imageableY=5.0\" id=\"Diagram-_1\" name=\"New Diagram\">\r\n    <bpmndi:BPMNPlane bpmnElement=\"myProcess_1\">\r\n      <bpmndi:BPMNShape bpmnElement=\"_2\" id=\"Shape-_2\">\r\n        <dc:Bounds height=\"32.0\" width=\"32.0\" x=\"280.0\" y=\"90.0\"/>\r\n        <bpmndi:BPMNLabel>\r\n          <dc:Bounds height=\"32.0\" width=\"32.0\" x=\"0.0\" y=\"0.0\"/>\r\n        </bpmndi:BPMNLabel>\r\n      </bpmndi:BPMNShape>\r\n      <bpmndi:BPMNShape bpmnElement=\"_5\" id=\"Shape-_5\">\r\n        <dc:Bounds height=\"55.0\" width=\"85.0\" x=\"255.0\" y=\"265.0\"/>\r\n        <bpmndi:BPMNLabel>\r\n          <dc:Bounds height=\"55.0\" width=\"85.0\" x=\"0.0\" y=\"0.0\"/>\r\n        </bpmndi:BPMNLabel>\r\n      </bpmndi:BPMNShape>\r\n      <bpmndi:BPMNShape bpmnElement=\"_7\" id=\"Shape-_7\">\r\n        <dc:Bounds height=\"32.0\" width=\"32.0\" x=\"285.0\" y=\"530.0\"/>\r\n        <bpmndi:BPMNLabel>\r\n          <dc:Bounds height=\"32.0\" width=\"32.0\" x=\"0.0\" y=\"0.0\"/>\r\n        </bpmndi:BPMNLabel>\r\n      </bpmndi:BPMNShape>\r\n      <bpmndi:BPMNShape bpmnElement=\"_9\" id=\"Shape-_9\" isMarkerVisible=\"false\">\r\n        <dc:Bounds height=\"32.0\" width=\"32.0\" x=\"285.0\" y=\"410.0\"/>\r\n        <bpmndi:BPMNLabel>\r\n          <dc:Bounds height=\"32.0\" width=\"32.0\" x=\"0.0\" y=\"0.0\"/>\r\n        </bpmndi:BPMNLabel>\r\n      </bpmndi:BPMNShape>\r\n      <bpmndi:BPMNShape bpmnElement=\"_16\" id=\"Shape-_16\">\r\n        <dc:Bounds height=\"55.0\" width=\"85.0\" x=\"410.0\" y=\"310.0\"/>\r\n        <bpmndi:BPMNLabel>\r\n          <dc:Bounds height=\"55.0\" width=\"85.0\" x=\"0.0\" y=\"0.0\"/>\r\n        </bpmndi:BPMNLabel>\r\n      </bpmndi:BPMNShape>\r\n      <bpmndi:BPMNShape bpmnElement=\"_19\" id=\"Shape-_19\" isMarkerVisible=\"false\">\r\n        <dc:Bounds height=\"32.0\" width=\"32.0\" x=\"440.0\" y=\"240.0\"/>\r\n        <bpmndi:BPMNLabel>\r\n          <dc:Bounds height=\"32.0\" width=\"32.0\" x=\"0.0\" y=\"0.0\"/>\r\n        </bpmndi:BPMNLabel>\r\n      </bpmndi:BPMNShape>\r\n      <bpmndi:BPMNEdge bpmnElement=\"_12\" id=\"BPMNEdge__12\" sourceElement=\"_9\" targetElement=\"_7\">\r\n        <di:waypoint x=\"300.0\" y=\"441.0\"/>\r\n        <di:waypoint x=\"300.0\" y=\"494.0\"/>\r\n        <di:waypoint x=\"300.0\" y=\"530.0312805773287\"/>\r\n        <bpmndi:BPMNLabel>\r\n          <dc:Bounds height=\"8.0\" width=\"0.0\" x=\"0.0\" y=\"47.0\"/>\r\n        </bpmndi:BPMNLabel>\r\n      </bpmndi:BPMNEdge>\r\n      <bpmndi:BPMNEdge bpmnElement=\"_23\" id=\"BPMNEdge__23\" sourceElement=\"_2\" targetElement=\"_5\">\r\n        <di:waypoint x=\"296.0\" y=\"122.0\"/>\r\n        <di:waypoint x=\"296.0\" y=\"265.0\"/>\r\n        <bpmndi:BPMNLabel>\r\n          <dc:Bounds height=\"0.0\" width=\"0.0\" x=\"0.0\" y=\"0.0\"/>\r\n        </bpmndi:BPMNLabel>\r\n      </bpmndi:BPMNEdge>\r\n      <bpmndi:BPMNEdge bpmnElement=\"_17\" id=\"BPMNEdge__17\" sourceElement=\"_9\" targetElement=\"_16\">\r\n        <di:waypoint x=\"316.0\" y=\"425.0\"/>\r\n        <di:waypoint x=\"460.0\" y=\"425.0\"/>\r\n        <di:waypoint x=\"460.0\" y=\"365.0\"/>\r\n        <bpmndi:BPMNLabel>\r\n          <dc:Bounds height=\"0.0\" width=\"0.0\" x=\"0.0\" y=\"0.0\"/>\r\n        </bpmndi:BPMNLabel>\r\n      </bpmndi:BPMNEdge>\r\n      <bpmndi:BPMNEdge bpmnElement=\"_20\" id=\"BPMNEdge__20\" sourceElement=\"_19\" targetElement=\"_5\">\r\n        <di:waypoint x=\"440.0\" y=\"256.0\"/>\r\n        <di:waypoint x=\"340.0\" y=\"292.5\"/>\r\n        <bpmndi:BPMNLabel>\r\n          <dc:Bounds height=\"0.0\" width=\"0.0\" x=\"0.0\" y=\"0.0\"/>\r\n        </bpmndi:BPMNLabel>\r\n      </bpmndi:BPMNEdge>\r\n      <bpmndi:BPMNEdge bpmnElement=\"_22\" id=\"BPMNEdge__22\" sourceElement=\"_16\" targetElement=\"_19\">\r\n        <di:waypoint x=\"456.0\" y=\"310.0\"/>\r\n        <di:waypoint x=\"456.0\" y=\"272.0\"/>\r\n        <bpmndi:BPMNLabel>\r\n          <dc:Bounds height=\"0.0\" width=\"0.0\" x=\"0.0\" y=\"0.0\"/>\r\n        </bpmndi:BPMNLabel>\r\n      </bpmndi:BPMNEdge>\r\n      <bpmndi:BPMNEdge bpmnElement=\"_10\" id=\"BPMNEdge__10\" sourceElement=\"_5\" targetElement=\"_9\">\r\n        <di:waypoint x=\"301.0\" y=\"320.0\"/>\r\n        <di:waypoint x=\"301.0\" y=\"410.0\"/>\r\n        <bpmndi:BPMNLabel>\r\n          <dc:Bounds height=\"0.0\" width=\"0.0\" x=\"0.0\" y=\"0.0\"/>\r\n        </bpmndi:BPMNLabel>\r\n      </bpmndi:BPMNEdge>\r\n      <bpmndi:BPMNEdge bpmnElement=\"_21\" id=\"BPMNEdge__21\" sourceElement=\"_19\" targetElement=\"_7\">\r\n        <di:waypoint x=\"472.0\" y=\"256.0\"/>\r\n        <di:waypoint x=\"550.0\" y=\"420.0\"/>\r\n        <di:waypoint x=\"317.0\" y=\"546.0\"/>\r\n        <bpmndi:BPMNLabel>\r\n          <dc:Bounds height=\"0.0\" width=\"0.0\" x=\"0.0\" y=\"0.0\"/>\r\n        </bpmndi:BPMNLabel>\r\n      </bpmndi:BPMNEdge>\r\n    </bpmndi:BPMNPlane>\r\n  </bpmndi:BPMNDiagram>\r\n</definitions>\r\n',0),('2502',1,'D:\\MSOA\\毕业设计\\manager\\target\\classes\\baoxiao.bpmn','2501','<?xml version=\"1.0\" encoding=\"UTF-8\" standalone=\"yes\"?>\r\n<definitions xmlns=\"http://www.omg.org/spec/BPMN/20100524/MODEL\" xmlns:activiti=\"http://activiti.org/bpmn\"  xmlns:bpmndi=\"http://www.omg.org/spec/BPMN/20100524/DI\" xmlns:dc=\"http://www.omg.org/spec/DD/20100524/DC\" xmlns:di=\"http://www.omg.org/spec/DD/20100524/DI\" xmlns:tns=\"http://www.activiti.org/testm1583134321766\" xmlns:xsd=\"http://www.w3.org/2001/XMLSchema\" xmlns:xsi=\"http://www.w3.org/2001/XMLSchema-instance\" expressionLanguage=\"http://www.w3.org/1999/XPath\" id=\"m1583134321766\" name=\"\" targetNamespace=\"http://www.activiti.org/testm1583134321766\" typeLanguage=\"http://www.w3.org/2001/XMLSchema\">\r\n  <process id=\"myProcess_1\" isClosed=\"false\" isExecutable=\"true\" name=\"submit\" processType=\"None\">\r\n    <startEvent id=\"_2\" name=\"StartEvent\"/>\r\n    <userTask activiti:assignee=\"${adminUserId}\" activiti:exclusive=\"true\" id=\"_5\" name=\"管理员审批\"/>\r\n    <endEvent id=\"_7\" name=\"EndEvent\"/>\r\n    <exclusiveGateway gatewayDirection=\"Unspecified\" id=\"_9\" name=\"ExclusiveGateway\"/>\r\n    <sequenceFlow id=\"_10\" sourceRef=\"_5\" targetRef=\"_9\"/>\r\n    <sequenceFlow id=\"_12\" name=\"通过\" sourceRef=\"_9\" targetRef=\"_7\">\r\n      <conditionExpression xsi:type=\"tFormalExpression\">\r\n        <![CDATA[${flage==true}]]>\r\n      </conditionExpression>\r\n    </sequenceFlow>\r\n    <userTask activiti:assignee=\"${soruceUserId}\" activiti:exclusive=\"true\" id=\"_16\" name=\"重新提交\"/>\r\n    <sequenceFlow id=\"_17\" name=\"驳回\" sourceRef=\"_9\" targetRef=\"_16\">\r\n      <conditionExpression xsi:type=\"tFormalExpression\">\r\n        <![CDATA[${flage==false}]]>\r\n      </conditionExpression>\r\n    </sequenceFlow>\r\n    <exclusiveGateway gatewayDirection=\"Unspecified\" id=\"_19\" name=\"ExclusiveGateway\"/>\r\n    <sequenceFlow id=\"_20\" name=\"重新提交申请\" sourceRef=\"_19\" targetRef=\"_5\">\r\n      <conditionExpression xsi:type=\"tFormalExpression\">\r\n        <![CDATA[${flage==true}]]>\r\n      </conditionExpression>\r\n    </sequenceFlow>\r\n    <sequenceFlow id=\"_21\" name=\"撤销申请\" sourceRef=\"_19\" targetRef=\"_7\">\r\n      <conditionExpression xsi:type=\"tFormalExpression\">\r\n        <![CDATA[${flage==false}]]>\r\n      </conditionExpression>\r\n    </sequenceFlow>\r\n    <sequenceFlow id=\"_22\" sourceRef=\"_16\" targetRef=\"_19\"/>\r\n    <sequenceFlow id=\"_23\" sourceRef=\"_2\" targetRef=\"_5\"/>\r\n  </process>\r\n  <bpmndi:BPMNDiagram documentation=\"background=#3C3F41;count=1;horizontalcount=1;orientation=0;width=842.4;height=1195.2;imageableWidth=832.4;imageableHeight=1185.2;imageableX=5.0;imageableY=5.0\" id=\"Diagram-_1\" name=\"New Diagram\">\r\n    <bpmndi:BPMNPlane bpmnElement=\"myProcess_1\">\r\n      <bpmndi:BPMNShape bpmnElement=\"_2\" id=\"Shape-_2\">\r\n        <dc:Bounds height=\"32.0\" width=\"32.0\" x=\"280.0\" y=\"90.0\"/>\r\n        <bpmndi:BPMNLabel>\r\n          <dc:Bounds height=\"32.0\" width=\"32.0\" x=\"0.0\" y=\"0.0\"/>\r\n        </bpmndi:BPMNLabel>\r\n      </bpmndi:BPMNShape>\r\n      <bpmndi:BPMNShape bpmnElement=\"_5\" id=\"Shape-_5\">\r\n        <dc:Bounds height=\"55.0\" width=\"85.0\" x=\"255.0\" y=\"265.0\"/>\r\n        <bpmndi:BPMNLabel>\r\n          <dc:Bounds height=\"55.0\" width=\"85.0\" x=\"0.0\" y=\"0.0\"/>\r\n        </bpmndi:BPMNLabel>\r\n      </bpmndi:BPMNShape>\r\n      <bpmndi:BPMNShape bpmnElement=\"_7\" id=\"Shape-_7\">\r\n        <dc:Bounds height=\"32.0\" width=\"32.0\" x=\"285.0\" y=\"530.0\"/>\r\n        <bpmndi:BPMNLabel>\r\n          <dc:Bounds height=\"32.0\" width=\"32.0\" x=\"0.0\" y=\"0.0\"/>\r\n        </bpmndi:BPMNLabel>\r\n      </bpmndi:BPMNShape>\r\n      <bpmndi:BPMNShape bpmnElement=\"_9\" id=\"Shape-_9\" isMarkerVisible=\"false\">\r\n        <dc:Bounds height=\"32.0\" width=\"32.0\" x=\"285.0\" y=\"410.0\"/>\r\n        <bpmndi:BPMNLabel>\r\n          <dc:Bounds height=\"32.0\" width=\"32.0\" x=\"0.0\" y=\"0.0\"/>\r\n        </bpmndi:BPMNLabel>\r\n      </bpmndi:BPMNShape>\r\n      <bpmndi:BPMNShape bpmnElement=\"_16\" id=\"Shape-_16\">\r\n        <dc:Bounds height=\"55.0\" width=\"85.0\" x=\"410.0\" y=\"310.0\"/>\r\n        <bpmndi:BPMNLabel>\r\n          <dc:Bounds height=\"55.0\" width=\"85.0\" x=\"0.0\" y=\"0.0\"/>\r\n        </bpmndi:BPMNLabel>\r\n      </bpmndi:BPMNShape>\r\n      <bpmndi:BPMNShape bpmnElement=\"_19\" id=\"Shape-_19\" isMarkerVisible=\"false\">\r\n        <dc:Bounds height=\"32.0\" width=\"32.0\" x=\"440.0\" y=\"240.0\"/>\r\n        <bpmndi:BPMNLabel>\r\n          <dc:Bounds height=\"32.0\" width=\"32.0\" x=\"0.0\" y=\"0.0\"/>\r\n        </bpmndi:BPMNLabel>\r\n      </bpmndi:BPMNShape>\r\n      <bpmndi:BPMNEdge bpmnElement=\"_12\" id=\"BPMNEdge__12\" sourceElement=\"_9\" targetElement=\"_7\">\r\n        <di:waypoint x=\"300.0\" y=\"441.0\"/>\r\n        <di:waypoint x=\"300.0\" y=\"494.0\"/>\r\n        <di:waypoint x=\"300.0\" y=\"530.0312805773287\"/>\r\n        <bpmndi:BPMNLabel>\r\n          <dc:Bounds height=\"8.0\" width=\"0.0\" x=\"0.0\" y=\"47.0\"/>\r\n        </bpmndi:BPMNLabel>\r\n      </bpmndi:BPMNEdge>\r\n      <bpmndi:BPMNEdge bpmnElement=\"_23\" id=\"BPMNEdge__23\" sourceElement=\"_2\" targetElement=\"_5\">\r\n        <di:waypoint x=\"296.0\" y=\"122.0\"/>\r\n        <di:waypoint x=\"296.0\" y=\"265.0\"/>\r\n        <bpmndi:BPMNLabel>\r\n          <dc:Bounds height=\"0.0\" width=\"0.0\" x=\"0.0\" y=\"0.0\"/>\r\n        </bpmndi:BPMNLabel>\r\n      </bpmndi:BPMNEdge>\r\n      <bpmndi:BPMNEdge bpmnElement=\"_17\" id=\"BPMNEdge__17\" sourceElement=\"_9\" targetElement=\"_16\">\r\n        <di:waypoint x=\"316.0\" y=\"425.0\"/>\r\n        <di:waypoint x=\"460.0\" y=\"425.0\"/>\r\n        <di:waypoint x=\"460.0\" y=\"365.0\"/>\r\n        <bpmndi:BPMNLabel>\r\n          <dc:Bounds height=\"0.0\" width=\"0.0\" x=\"0.0\" y=\"0.0\"/>\r\n        </bpmndi:BPMNLabel>\r\n      </bpmndi:BPMNEdge>\r\n      <bpmndi:BPMNEdge bpmnElement=\"_20\" id=\"BPMNEdge__20\" sourceElement=\"_19\" targetElement=\"_5\">\r\n        <di:waypoint x=\"440.0\" y=\"256.0\"/>\r\n        <di:waypoint x=\"340.0\" y=\"292.5\"/>\r\n        <bpmndi:BPMNLabel>\r\n          <dc:Bounds height=\"0.0\" width=\"0.0\" x=\"0.0\" y=\"0.0\"/>\r\n        </bpmndi:BPMNLabel>\r\n      </bpmndi:BPMNEdge>\r\n      <bpmndi:BPMNEdge bpmnElement=\"_22\" id=\"BPMNEdge__22\" sourceElement=\"_16\" targetElement=\"_19\">\r\n        <di:waypoint x=\"456.0\" y=\"310.0\"/>\r\n        <di:waypoint x=\"456.0\" y=\"272.0\"/>\r\n        <bpmndi:BPMNLabel>\r\n          <dc:Bounds height=\"0.0\" width=\"0.0\" x=\"0.0\" y=\"0.0\"/>\r\n        </bpmndi:BPMNLabel>\r\n      </bpmndi:BPMNEdge>\r\n      <bpmndi:BPMNEdge bpmnElement=\"_10\" id=\"BPMNEdge__10\" sourceElement=\"_5\" targetElement=\"_9\">\r\n        <di:waypoint x=\"301.0\" y=\"320.0\"/>\r\n        <di:waypoint x=\"301.0\" y=\"410.0\"/>\r\n        <bpmndi:BPMNLabel>\r\n          <dc:Bounds height=\"0.0\" width=\"0.0\" x=\"0.0\" y=\"0.0\"/>\r\n        </bpmndi:BPMNLabel>\r\n      </bpmndi:BPMNEdge>\r\n      <bpmndi:BPMNEdge bpmnElement=\"_21\" id=\"BPMNEdge__21\" sourceElement=\"_19\" targetElement=\"_7\">\r\n        <di:waypoint x=\"472.0\" y=\"256.0\"/>\r\n        <di:waypoint x=\"550.0\" y=\"420.0\"/>\r\n        <di:waypoint x=\"317.0\" y=\"546.0\"/>\r\n        <bpmndi:BPMNLabel>\r\n          <dc:Bounds height=\"0.0\" width=\"0.0\" x=\"0.0\" y=\"0.0\"/>\r\n        </bpmndi:BPMNLabel>\r\n      </bpmndi:BPMNEdge>\r\n    </bpmndi:BPMNPlane>\r\n  </bpmndi:BPMNDiagram>\r\n</definitions>\r\n',0),('2503',1,'D:\\MSOA\\毕业设计\\manager\\target\\classes\\baoxiao.myProcess_1.png','2501','PNG\r\n\Z\n\0\0\0\rIHDR\0\00\0\0<\0\0\03\0\03IDATx	\\e70:8ゟ8aD!J9}TwB4*F(((dQt\\P $V\rd\r @d$^N{WUzS:>u2\0\0\0kUY\04vD\0`\0@`\0\0F\0\0($\0\0\0\0\0\0\0\0\0\0\0\0\0\0\0\0\0\0\0\0\0\0\0\0\0\0\0\0\0\0\0\0\0\0\0\0\0\0\0\0\0\0\0\0\0\0\0\0\0\0\0\0\0\0\0\0\0\0\0\0\0\0\0\0\0\0\0\0\0\0\0\0\0\0\0\0\0\0\0\0\0\0\0\0\0\0\0\0`Ppq\Z\0\0`o\0\0\0\0`\0@\0E1\n	\0\0\0\0\0\0\0\0\0\0\0\0\0\0\0\0\0\0\0\0\0\0\0\0\0\0\0\0\0\0\0\0\0\0\0\0\0\0\0\0\0\0\0\0\0\0\0\0\0\0\0\0\0\0\0\0\0\0\0\0\0\0\0\0\0\0\0\0\0\0\0\0\0\0\0\0GZmyp\'^uGZRuuu=q<tGӟ\00nηqW~^SO=hѢڊ+jk֬%<Hmʕŋ<ڬYg}4gΜdY.\0-d^8{\'9\r7dP%KN<<pG\0*u9k]w]m,nھ{Mt\0hիWa	\'P{jj{}\0Jg^RxҗT{jvI\'={,:uꆺ\r\0Y%mμ4#:\0c.M׼4mNkT*Su\0Q\ZmF\ZB.\0\0yIC[騣]R9HK3IZuҥKV\0fm慻^;<\0\0cRY\0\0F$-̘6\Z/\0sg\0tZq<s=\0Գ\0\0Ȍ3^U`x\0\0QO{\0mݞ308\0?5u\rʕ+oq\r\00bGy5\ni޼y\0QG?<0\0>g֬YOLkRf\0Fe[교-Z>ZH\0vaGs1O2Z\Z\0MzzzV/Y%媫ξdY\06{i#<@S˃>xWZ9T]\0l=ѱP/]=k֬t\r\04DvN<ćbVϙ3{iޗn\0\r\r1===}_߿/\r{hN\0i!fƌg_5/g8\04]жkG,HVZx55ivJgM<]fΜy1sݥ^z]wݵGyzU0^8/-fحe\0$DajkjtK<<vj:\0)<e3u\0(Syg#\0\0`βlc\0\0`֘\0([7	\0Lf^\0;;;\0@}Y=W\'\02?W\0P\0s̙3\0@,^\0@]EQH\'\02YX\'\02Q/	\0LΗ\0P\0s{e	\0Lj:\0),˲U:\0).\0P\0ssZ}N\0\0QMYm\0@iT*b^\0@iDxYet\0(J<Ϸ	\0L(Y\'\0j&\0\0JR*:\0)\\]Vߪ\0@/<N\0\0e\n0ޮ\0@ϋxN\0\0e\n0WFK\'\02ˋxN\0\0Ҏ\0P\ZJeaT\0\0J(;::	\04*ʂ\0P\0saQ	\04<Zn\0@iT*\"L	\04\"Z~P\'\0ҨT*FQ\'\02G\0@iyâ(>\0@iT*DE\'\0҈(>\0@iDx9;BL\0@iT*r\0\0`S\0\0J#˙yw\0P\ZJ1]:\0F<\0@iT*Su\0(S9%:\0)|(u\0(S	\04<zQ{\0P\ZJkbf\0P\0sb:\0)|5:\0)N\0\0EQ\0@iDxru\0(JrtA:\0FQ_`\0\0JR|!P\0\0`>W\'u\0(/S:\0FRL:\0FQ\0\0JR5W\'\02H:\0F7]ȫ\0@i!i(N\0\0\'\"|^\'\0҈rH/\0P\Zi!ǴN\0\0EQ|Y\'\0ҨT*D}E\'\0|(	\04\"!\0\0JRuN\0\00_	\04\"uN\0\0e\n0=Q\'\0P\ZEQ7t\0(JѨSt\0(S:U\'\0(b0	\04\"̈:]\'\0(3u\0(/ERN\0\0%:K\'\0(#t\0(/F\0@iyK\0P\ZEQ|8Bu\0(/;W*\0P\ZEQL\0\0JR|(:\0F\"\0@iT#\\\0@iDx@R\0@itttlW|\0\0J#˿W*t\0(/S\0P\Z-R\0\0JRke:\0FGGǻ#\\\0@iE0?	\04\"=jN\0\0\"R\'\0҈Mb\0\0J#DF\'\0ҨVosN\0\0Q?W*uq\00bo`lUQ+\0(RܨCx7V`<}^zCB\0#eVEQܤSx~\0X_Z}mRY\'S:#\0˲l0^zy;	UWGN0Kj31\0$Q$8@,{eu	^\0ΗGC\'hrx jv0~kb\0X_e/\0G)Oͺ{ !f|\0𔮮DS\'hRxIv !ox魙|S )E`	^\n\'}CL$\0e#	^\n1fxuNhw3g|~{t&BoG^\r1hV~U)\Z^1#	/NP&uaؼ<N\ZKo{G\rv&wu6z]QI\0Ou\0SVߤC&lC\\3ӻV\00\0s0\\i[zK2cveQOb\Z*(BI\0Yxv򏱟|4ꔨƿyQs:::޻馛~hJeybzm3#\0sy2_GӳQoT~\n-}f{VggΝEݦ=h83ϻg@Ti_Y=7ɴ(}ᒨQjT\Z[wd}uEЉRV!jb!q~:vo%v\'̜2ը~^\0X_ubJoeLfa|\"q{Sn؄/=sP6\\l9-z.͟?_,XPW\rmvttlyQE&#5-vFB/\0!/r?PV]zGq:ҊQ_FoTOO]8Rxy^̋nAG0=BʷnS\'4~ڴiϚwsCJyU`VGiʲl8+!qZ9<QGo2Pgb+vMoku\"+	@7dg,ӓ3_>.YWWKJ#;ĺ揉+~E%\nh\0`eO-Y\'+N	,?dY8HψpuT0GF/lj~g\\W	`V߻vk*ݗZ&O0*oqP>;>1[~r7N)*}ygz+)`;d[\\rR\0Ξtttl*G:m=En	v4bm+]̛&0҅_0Ǆ8о4]㣮_rYu-k/a0EW	07Ο;`I	-6lP?EQ,jU\Z)!G\ZA䷠߳/Ytưj\0f&M?{4J|?ҟ^Isdz=~Xg_v^C?ê&XI\n01e&RhsfϵS6Wg*vfL&(n:zga(+O0ǄmMd4gae}oXQ0cW_8O^0OaX5D	0Z~C\\/=&`\"hG%1;)Ǽ->\"slC}I+8ۃ~HV\r0L[>}\0X0<tvv>\'BqŶ\ZJ %͇\0C[~~o}1\0q [<paTZ3_FΖ}Iխ}ϔSs`\0fڽʯx\rLzl<\"+9>?^{zz67N,麢t6O\"΋\r\0C\\\\s/>&}1OWPZ;r[LX<GV\r\03Ygc|6cƌN~	0\';IhUYƴy5\n)]dH[҂c4U*6k`7tL g\'ٓ3\ZyhEQ\Z5ѨS\Z`/Y<֠\0cX5\0#В\0_Q5V\r 04]CB|U0Mau|h@(2\Z@`hjIk#OkX5\0#<2MU0M0ǥytvǰj`[qBIQ{6sV\rP\03}\0\0!4]V\r 04<`yg>a\0\0C3iA&\rêƉ`㨝e`\Z\'-8cX5\0#а`qqGGǶ-:cX5D0Sd\"T\\}-ê&Z1%\r0iê7V\r 04MYmiX5\0#0z$nڢ_ְj\0FaLΨÙêQ{fΜqچU0\n,la\0\0èB`6oX5\0#L\0Zme˖hѢ/\'4+ø~?}o{,XPr/ (Rxk+W.\\Xԧ>U{衇ֺժUK/3ڳ\0F	0Mμ/#\\̙dY1ǾԞ0JicdɒڬYj<@ڣ,@Q}mB_;묳k\0*DeO-Y\'+N>bŊ־ 0l_[}ڍ]תt_zt&Lq]BjF`XKoqɹmok`ҵ0h{]v\n#C\ZW˗/?Ȑ8`IVjh[_|Η\\r}w}eR:ϼ`1\0sak`pqzcΊz̨CTREij\"D\'&oI\n01fa@	y~oub[<q\0^VH(;^7i\r/<rtA=`eYJ\'&oIuէ`}Bêjy0E$tb({xbB׿.n_0q\\SVߪ3vo^kx׭輫\"w\0&n:1CVrq0Vu&/ߍ;O`b`Ӊ`:l݊ߍoG`bs<Q\'&OY0OWDݓ4	&<;L\'6\0׉t&ƞ05C\'&OQ0\Zt-a\0/գzh$ê&^9>j_`Fa\0/|!P`Ԁfa\0/̍:R\'5pV\r0̡,N0j\0cX5D~Wq:!LbX59ӓF\"\00UL303tBnŗZxYê&@l:!$v_\03Űj/zH:!00Uu	F~I30+tB`F`/j|N0L\0êCeo%:!0#0UWuB1z~ưjVzIީ\Z]bX5y^Y\'5\0cX5@uwwo/ktBQ0a\0N?\r\Zs1\Zt&F\'5\0V\rByfs`a\0=sg\Z\Z[1\ZEfYe	F=L1\Z5LiF^`TCa\0-:sMZI\'՘\0S2\Z抎w\0\Z\Z`hrYf;`TLbX5@s̹yjl1\Zĳ6	F56hӣf\0\Z`V\rд\0srTNE]$t4Dyϓa\0	0GseXrѠZ|Y`6̰j~!P(/xK.侻Adlg^RxY`Q6̰j΍:R\');Ο?qz#]FUwK^zV\r\0sh:`_jYmՎ?a\0\r/_4u\r*uVjUܓF\"MʕzxmڴU423^LO	_\',MgeڱU4&di6^uLBV\r0NĐuKV6\r0UEZ:\"ufȲl0`R<V\r0ċ:A3ľ ᥷cojxZ\'hRYO`y$/=56°jȲ\r\"D\'h4(\rMvRlêFZ:^@3>:WUBWWKN,{f\ZR=wg_V\r0BjygUd^kİj$^4-<X&]{k3\Z`dEk-0V\r0ʚt&F\'hvNZB\'gX5R#l(|-{D4\ZI\'h67NϰjPeY*EyN#êBhuN\Z`Ƌ5iM$E4I\'zUq@:AC\Zê0҂{:A+XiDaϰjA̹Wގ:A+XiD䯼M,FCiX5\0ӣf-笇4~V\rϋQ=:A9!_Ux|Ծ:A9!a\0LuN}zH#dX56͑:A:12U}094	ZYit8U4V\rPk\'D	ZYil3\Z bxZݽy8n~,C\Zs1\Zh//[nrolkTn,CjH4\Zh$eԩb=3\Zh;0k\n08[hAV\r)`VuwwoC XiKbUu!5a@Io^M#t!5U#]k{L\0~WWhAzHa@{\0Ss:BCj êv1Gt!5a@.N3Cj|O\rjQ;jb=0\ZhEul}+ЪCjN_\r&ZzHcX5Ne\0cX5V㫧<uFyRV\r[x$Z`$U^USyzHMdX5Ў[5ř`\\Um^Ќ\0c=&3\Z,%JmЧ8Ќ\0c=Q@)SuAB@QV!5YQ/#zXe#@K[=	1}Ko\\L9ZI\")v]^\n\'}CL$\ZzH7sG`|}\"FTW2B3^~!5NZ}^rRggu,euCkb!]eϭϺ*#\01bF^z=vRZ&oӳѴiӞfs7OS_bl_ާW-cn_1o?oMl۷\Z&| (wcKܷk#yl3nψŶ;q{DJ}=0}OTwxԑg!.cO}_OoFuj|i=#g;QgkHcQ^^ۅ4G]4Y/Ukc{}ԯ.M9wQˢn=\rэZ\"Hgu_Q&GEQODլ4rwrJJWټ<N\Z{F?g^~[$>BQJPԃV:x{Ψ?`xknIA7Q7!Tk+.F]v^ ~^OObi20BA=\Z>tj>2G~%F/֯?\\=|&\rHjRۇSI\'?ngG̊RgIRJa+4\\H\nc)};#}0@m\nw)}c\ZߜBb\nqi&S^/:SLYPi\n-tv hSMD$noBn\n)(/#>Y{NJ6=L30};g30L\ZaO4O:o)dGpG]&[i50	1k%(Ae靈acht1&&JoZ3]甮BLeybzm3#ht|@~akth\'ݦ=h83ϻC㤋.];p2P>NxK##(`QB}C)[Y>\0\ZhԩևȧΏt`mc1WxI\'H}(ã+\0!M^QeF}ƋDМ0\"T%z\0\\sCXlت%x\0PgV+upHZ3i1Q-hlYOo`i^Mi@sC}vaү3]G\0)VilK:ξ@km/5\\>oI׹]=1$\02GtFG&0\\\07/ʿ9\\\\.RMs\n8˲|Nz=i%͢f	b̙Ϗ{t.߉zEi\"`ǋ\nݥi1u`WDA\'hi\\H\n~u:UuG,XW\0J\"^J+tv-?Z>ӦM{\0L[	t.?EQDx\0T9W:$.nwE>J\'k#QΘ1ot`xw]\',<MߊZ5gv[]d~jB,{U˧DsDggst`*iQ啱wQ:Owwwo+\0\\Z`3l:;;_kؗ+\0m\"q\0NP4)D}!+\0m&rH]Z+\")uMEx92tjƌ+qE0#t`_㻺^+\0:De>tKLW\0X= u`QDZ@@1;	Keύ}pn}oD]`PiUtaNjiKSEEpy\00,q8$](Je~ZEǿ\0F$˧,:AՠS`rWԷ#l+\0Jڃ#uf~\"ꬸz]`?ݽIb3Ꜹ\0EQ|),2mڴgG1?]rluʲl؟fEpCl7\n\0MI-ӳQGu[K?6@SOl:HM:uRˢE]W\0hR:Õe3#DKW\0hu9=HeܹψQUW\0q@n`4겎muqGNЏ\rb\"ue	!L?I\'X\'uCZD0ŁjNľsԵ_,\00!E1[uuԯK\"Nm!q@̕hx^@wW_y6hit<G&\rNCuIlV7Ĥ.MoF6NRگ〶NLx/J<3-+\0^Q7Am+\\\"ⲸWWĤ	.oKsD===\n\01!:Qxϭ?{fY\00̊8ؽX\'J\\%<1jiӦ=KW\0h\0s̙3.[8[oww&@;;;;e9^:suv0:\"lwr7\09<jUV_QwGpDt\0R.ԨQN+\0\0!\"Q湺\0(*rr\Zu\0e<_\\^ՃƿNW\0`\0sGggu^bŢ(^+\00\0V)~NFEcf̘\0#?.IDsR`cS\08*:i֑\0/ht1n(~q\\g\0\r0Eo:is\Z].\'Ѻ\00<NMK\'xD}4\0Mݟv\'4S)OMK\0\n\04YQg8Ӊ1cߤ\"QgEu\0Z$|#tL>}.GNe[\n\0>5>Q+g\0Gi(҉uwwoeߨQ?|\08WҙX[eG_cԏ\"\0QŨ:񔞞\"s7o\0` =7HgsG/n:/\00AAq\\SN0,в\n\0Pq>0]n?weό}fD]n{\0D\ZF\";wgցJs`!ϙG&.Jx\'A|FyYK &ipQG]?m\0$JQ?N,,nog2=~_E]mG2\0X\n(q@6F\rPsU8Q;{`QT7/Yp>EZn%3\r\0HmtttlEQ,I.\00˚xsjeQK-i*\0Lr0]<k¨o\0L}LZ}\r.w~l2\0A\0hSI	\\QSM/z\0կ%\r0S\'Mg\0~^\'#,3\0m.ԯs~\ZA>gaHךD}>]#ݽI+Z_iӦ=˳\0m.-\rf׍!&[|1\'FH>?U\"l3\rnU`\0&\"\"$|Zeez4؃gAR@Xl\0˖_7^O>hѢkk֬%ir5\\S;jyb\ZC[Lޑ&ëu;1cx\0DggZ|O{6\\]w]mΜ9뭕\nnYcN\'z\0KZ}7DD{#\n.jknN]Mb\0t#˟]t7\Zn>랉ٺ^~&BOzg\0XO}}Kb51ߺJ}V3\0JmԨ3/YCb`g\0XKPtK3kbF8Y\0`miyZr!}ϰ|˳\0\0[ڗgMC[nXm$CaKÙ^;#wvg\0Oo~V:3{6\0{CDZU}FZ\0\0`Ŋ-\r0i^>\00\0ho]U;\\ڳ\07< ƃ\0\0&8\0.\0(]1\n	\0(]1\0P.><^3~O\0RZH\0@D8jԭ83gΜ$\00\"Y8B@q65\\p}ˣ,\0\0#b7ܔrmvm\'u\0M<iF2{{Fz>\00j(VR\n1:μ\r/뤯\0uttl7Ĥ51c7]FFxQI]w݈J~kwT?\"\0\0{ML߷Ҍ/~r 6]BNa$u}y\0T5놑VZh\0-ؾ3VIꊢx.\0\"-;P_;*ַXF\0\0\0\0\0\0\0\0\0\0\0\0\0\0\0\0\0\0hڃ-\0\0\0\0IENDB`',1),('3',1,'baoxiao.png','1','PNG\r\n\Z\n\0\0\0\rIHDR\0\0;\0\0!\0\0\0\0\08\'IDATx^[Ⱦk]}i\"w*(M*rWDADꨨ{֚/_7>y}R鄆N:J~I*IUO!BHCc		40Ac		40Ac		40Ac		40Ac		40Ac		40Ac		40Ac		40Ac		40ad<		#{hlчF	\Z}hlчF	\Z}hlчF	\Z}hlчF	\Z}hlчF2t`݇;meō;ZLg{ɒ2-=xܢ8jQH\r\Z%olH\"~HÒ6_%c6o[+ɤ[	dm[M=4xRFreXftr]5=N=xBE(1\ZgJʛaO+*0I/+uȰ70n~Z 洈)-+YxGwc7x6ӋZ:RV6EEE(\'\"QH`|62>d#Wb\"r3)94VlOdEHi<o>69<DFqSm.>58:9WxB\nn.,?zhY#eh|*[xp7U)swqU;PkLEnۻƁ;o?H2+976IrGɷ1R3\r`$խ%Pm]P\r㰈2^,[+,?~իn2opN;s;p8rcN\\Dʕkj<V9^VԠQc-I2&R0/>詘j1TՃ`mNM1[HM`De\nNr\ZI%\"5cwɔg!5hl/cCc+\Z͞ɾ.pypE||{U\nߠ$[+`]YUnj7bb_]bi0b\r˯سmI,٬Xn,&ZQU|[zi9k)uc=ֱԐx1?ſدoܛ߂է/QBBۮM̈\0\ZK<ȹyrRY]=$v$ȺxO\\>آ\",1Ɣ3dpke۴(946i*+[5cщDk!̙O}=Xputaֿ/I;(1H`<!gr읭7_*\r4mCO 30|eDun!]X>}櫫#7tgdҽm]ד{cn	Ssw\\\Z~IdhG!5hlȾG}^ru/b)#eEz<;aͅ妖ፍy[qc9b~i1g,QBy:EnAcD5?ںvѾ$,p	٣vʉ\\;F2\Z%hlQF\Z%hlQF\Z%hlQF\Z%hlQF\Z%hlQV(aj,	#H255\'7X߿I\r4Vƒ|XX\ZK\ZCcI>Ccuh,gh%ա$:434Vƒ|XX\ZK\ZCcI>Ccuh,gh%ա$:434Vƒ|XX\ZK\ZCcI>Ccuh,gh%ա$:434Vƒ|XX\ZK\ZCcI>Ccuh,gh%ա$:434Vƒ|XX\ZK\ZCcI>Ccuh,ghN4Ne1i!\Z*&O꘴fZDCcMOOCٚHDLsQ\Zٓ\'OZ;8D\"|ۭңIX#N84ϟ;;;E\"|EEWWv5enn$qM4jQ|$o߾HhԢNcV:0zXsZ[[վC=\"D;5?~;8#\0Q섴f1ױ煇h\"pԩ?-煇h\"جjz*hl֨SF4ja\ny7φdLa#y\05&X74\ZKƚ@cXh,\Zk=:56_\rNjenZ[+c7JJK~wKqBcMGr zGZzH}_KFuMpxm[QYCF\'4\Z{tnpzڸ3Q,5@|zvwt-	5ںzt+&JJJן|kYYȺ(hT<.ޯ怛n17ǖ\n}\'4\Z{DﭯmqwO݊wƖV_꽊{ڹgwr;K弚?$DƚP&<pS5n.7x\"yXeb`<KC\rd_CƹnYiLtȔ3\rM[\Zkx\'lm?[8˖vOPb_4\Z뵩N<3ҭ;ޛ~>\\- Ye姝a\"j\n5zmj\rMF3m#^O簹Z3@\"&?{)%%^Xhצƻ,[[\ZS\\\\O^uREEEm]3DVgҝa\'4\Z뵩nxQ,3mjgǴNDz;/^Va\'4\Z뵩n8;\'(;?yE*\"is8sgDr9SXhצƻIhmY\\Oց+/.\r	5 k1Mg۰ke#mgY0\Z+&XMwCQM;LýgKk-,Aڳ4Ԙ:6׉i745K{RYUHh	4kSܱr,Ս1%:simdWpj)\0%M[OC{;߁\Zkx7<:w\\s,kֶvw?`bpgm]z;P))-C,..>.ook,**Beh\'TXhצƻT˹QRRQ#8ӰLPx;6F&弹7\\٥է]?ƚPf{4Ƨn=Ƨoc)7\'D	\"\'E9ݠ&XƆ\ZKƚ@cXh,\Zk%~CcMoh	4\r5&X74\ZKƚPXƶ<ƚPXƒ<A6$c\nh055\'BƆF\"I`H0\046\0L\0&#\00y`$t\0\Z\0&D\0@c䁑`hl\0<0L:\0\r\0F\"I`H0\046\0L\0&#\00y`$t\0\Z\0&D\0@c䁑`hl\0<0L:\0\r\0F\"I`H0\046\0L\0&#\00y`$t\0\Z\0&D\0@c䁑`hl\0<0L:\0\r\0F\"I`H0\046\0L\0&#\00y`$t\0\Z\0&D\0@c䁑`hl\0<0L:\0\r\0F\"I`H0\046\0L\0&#\00y`$t\0\Z\0&D\0@c䁑`hl\0<0L:\0\r\0F\"I~0==]^^.C\"d:)hlٓ\'OvpDd$|ĉ_|ssggHDM\rsss Q#w\Z$o߾z)\0hl8VšA\n\ZZ[[UcqGƆǏQ0allL=464:uOy`abBO%\rz*)$3v_h	!@c4\Z+$X%\nh,	4V@cI8\ZKXhƒp@cggr::ggozr$h -./m9z=ԀEl~gg{pzF[xkۻ/Atv_,)-3\Z+#c8uu=\Zs2ƶ^mk3vߣ\nϦnZ@ԭ\\O~ru\r;8D=*\rXr=#`l8мƋ5m\rMgAGVVWl$:D\"Yjoc#gW1	l>w^&VTUc9g1Om,)sn^܇[])H)_6׿a{vh|Jdmh̖U[WĉE5 ee,gQQQ0\"^|7>}Fj;8^\\sw**DKlO_렡diUGDKJJe\0#}`xBzafv]vPl\Zv{q(@\"_Ƃ3WХ!p:\Z]ޘ[Q~\\ޫ#[Z/ 2PE;0|N3{jG@LsW{FnAW֥eIk2,ӂW[Kk8Sm(6Xt[[{GGUW77!opLz>}kr.=ܖ)*4V5cͅQG.6W ]~W5/b_;zd\nY	Iqdc]_+[Cߴ8<w#7dTMgKFlr\rjk}<feI^\ra\"nީŻe@wR.\r\Z+Țc7%!0=cas欷ukkyڈ,f<PӁL&12wFTx1oUNH:\"\ne{(\n,g)\ZYOMzsTڤ5ye۷},l~-4vߧ-OecF޾D\Zb1E$ڂGĴt1k[ҚbV,`fArVl0uS?:5uH(V5?42.^1OcǓ#0a497\Z~>Rddl͊=ֱl<G$Bڐ.̙тN<A$B?ƺN\"s^=bEtҶk3E$,$>.2>#&&]p\rV5 ÷oD@&eh:ۆsKHz~N\'eB5BgjU鄙ұ)RviJ3(?\Z\"f0M\ZUgJs[[Y_13Vqn͖XjK\rL]^(I\nL:´\" 2Հ\r=ʏxXA6BZ%1ie\'n:^%Vh1뇢U7cd.Y\\,1ڈo<ix%\ZAߪ3D@\"pڂx騉0>u<ɹT>kۻӷE@e){uudXj/(hJ0vuzy{C_RR2] >i-qDǥޞ+0= r+k0sƆL	8lR1K3:6&$ckұB\'x9x&IkFm}kId\"֓toLw\\LCO ?w\\{J\Z+|t{e-bRCuV-{ˁ LC1ÏYk{YȆʰ,Ac7ȸ}+nlNَ>$~?*Æ0zoPD\r}E~m3FgwߒV\0Q\"[Wݾ~j1g<uT	SbgaQ-bm\rt~!S/~.CCB|S$b\" 2Os\'.xyCT_<@/Xa\\][W]{F1`,Ryjb%tڵ(ހ87tULʰzs\r\Z+$`F]3\Z+$\0\ZZaRX\0!m&h>4@qq?\nh,	4V@cI8\ZKXhƒp@c4\Z+05_Sc	\rg$l7i0iB&Lc\r42%6n>`4`I#Xb&Lc\r42%6n>`4`I#Xb&&c|l70i\'lFFL\Zld0id\ZKl}i,FFL\Zld0id\ZKl}i,FFL\Zld0id\ZKl}i,FFL\Zld0id\ZKl}i,FFL\Zld0id\ZKl}i,FFL\Zld0id\ZKl}i,FFL\Zld0id\ZKl}i,FFL\Zld0id\ZKl}i,FFL\Z:P62%I14ɓ\'Y\"Yz4&=:\'N]]]b\"Yz4&=ƒcsss Q#YAOX\"훪+Ǒ,aғi,I\ZC=dLcIVX${d\ZKR?~ÇBWP ä\'Xؘ0;z*&=ƒ=N:v<ULz2%?olcғi,AJIO>1O޾¤\'X@\',AcÁI=f\ZL846p`RYƆz\"463phl&MOhji]X~<>}[<R463prmlQQQIiiEUs;.\rO.=J1G+hnimǹ6_!}J%|,qvSNJOa*463pn,<|OglwkۻBg7Llngiz$:0LƆzN֍uO$2s0lkXXBcÁI=\':>>u+iMz?ZyYLTs3sex\\s@cÁI=G36q偛\Z!K.\"w,>}=+mJ홆ɹb>yLM_ɫp`R7cBpSKOPWn\nM;WK$FSon.ȔDI\ZNx7%tƆzNuv;Yj=DVqq1hyvϴhiӋtP\\_~ʵE(.7j\r&\Zv6E\n犬	\\zGHoA:g<\ZL895M?MA\r+úzrn#7fmaEg\Z_QYuo=zz\n\r&\Zv6E&mO_\'&%=÷V6ԬWlSܨyKx<މn.,A.p`R+cUՐS`IZ][G;oE9LVKJKe&|)\\Il+hl80g7X,cv:u{E`C%O߾!b΍)Yއot[KP{D&z;463prdƁ3H)HYZ#7RTWߤgBqq|n!}ƥhl80gXG&zw,?~.~>Hms%2Kː1v;EwzmUյX	cjHKcÁI=\':D቙Tš<LT\\\\e9YDQEEzeU\rfXߒ2UFX<1Bc\ZL8c<e΃diOW$Mb7(ҫkF\'0Ĺb1UC3{vig\ZfWGm]n?p`Rь5D!M{oYYY3KcXvvML/O$fŠ}mb\Z2c([G\'W7_a:Yp`Rɮ6\r&(8463phlCc\r&\ZEhl80g,BcÁI=f\ZL846p`RYƆz\"463pZI3O޾¤\'XbcjjJO\"Ƥ\'Xb&Lc\r642%6>`4`#I#Xb&Lc\r642%6>`4`#I#Xb&Lc\r642%6>`4`#I#Xb&Lc\r642%6>`4`#I#Xb&Lc\r642%6>`4`#I#Xb&Lc\r642%6>`4`#I#Xb&Lc\r642%6>`4`#I#Xb&Lc\r642%6>`4`#I#Xb&Lc\r642%6>`4`#I#Xb&Lc\r642%6>`4`#I#Xb&Lcry(Ȓ$d\Z[|uvvɓǬF,=dLc\'N|mN,=dLcɱǑ,ݠ\'Xr,H|MHH04VšAIO$Ekkj,=Lz2%)?G+vpGaғi,cllL=dLcN;z*&=ƒZ$ۘd\ZK~Pklcғ#k<!>?OՓ5ll_9T=i,\r\ZCՓߠ9T=i,\r\ZCՓߠ9T=i,\r\ZCՓߠ9T=i,\r\ZCՓߠ9T=hgr::ggozr$hlzU\Z[\\_Zrn5uz3&%>9W֟w%,QYU3:9׶w/^׃<ro=YRZg%46=gv\'խj\\z\"\n]/^}*,?rkevOz\'SVp\Z뤰ml9wFq\"a,z|06wihyqߚζ↦JX7\nꕍd[GC$\"KMtm,z*&Ċj,G1\\X~b,鵭]?e؋p74 2+&7lvO\\,\rٲj81&l<,**FƧoh\"^m\'8+`|}NEe:qI_p4,(~II@~OC2Ì*46=f,}#j\0~{4Ɩ;oD_AB)Sht$Bcx{cn	FaPq7c{hliB:ut;X7UV2er.Ν^\\1{6_Z\'ɰN^UOǧn\rN.7Oך϶T`1ҊClm\neEV]4JRW߄1qQ%YVVp[(#YH+.?~իnj^ۈ\Zق]=2w8pgˮ-Сo}E;߁Ñs2R_xA3vsAd%XYU#69DIg>b2`$0kmT]Qk2)e\nMϡ\Z;8vcZ\"a{H*3:7-lz[w_֝\"k%<=n:h,d+s[`DL_^>#R0>^Fؿ:׌b[Nnaw0M@Mz\\Wʹ}ʀ2\0Osk}hXu=?ش0<iLte\0a51-n:hlZb򖴦;K(pY|ܟU_+[,0#F |eďN|uMR=JUE+ubKWe@X2yxjؿ61}E,ͅe4ƬAcszbV챎 le9\"҆t1gtؘ	+$A1ujԜ-2W,𠓶]A.\"e%ilEU5q11X2;oవL%=~#2)C6ܘ[Ds\ZMϡ\'eB5BgjU鄙ұ)RviJ3(?\Z\"f0M\ZUgJs[[Y_13Vqn͖XjK\rL]^(I\nL:´\" 2Հ\r=ʏx~#b_HW>F<!mM\'ѫ\n-fPf,L%Bp:K5%F\'-D#[5vfqCN[0`\"/5Qp`ƧnaU59Gxm{w|ȰbR34>b4֍Cil,5IHGA\nONNW}=м!/))[f	PRoϕk@֞i59cC_LpG6ZKnqugtazOG\0Ƥ5~2RwIk7&;.a|I	\'֏׻z\r=%a:=ATò1)h:hֽeǬ=,dCeXKvNDDҠ9T=\Z{dܾ76lGaCuP7(\"ņ\"?6MoIa\0(To|bnPfrCLM3V}A:)1FZ˳ذ?tqLZRayJ:lYQ?y!M!)jo1y\'Uƺqzf삗7DªZUfյuյgR.ug&& XB]\rs3)!NG[`ɤ˩7ݠ9T=X\n0E\nMϡIchhj[̇1?KaƺqzXr4/[CLtX7UO\ZKFqq?ƦP7hlzUO\ZK|ƦP7hlzUO\ZK|ƦP7hlzUO\ZK|ƦPD#46=<!>?OՓ5\"kl>355\'Ld\Z\0DL*Bc 2ȴIEhl\0D\">v3\rTg\"n&Ldͤ\"46\0\"SLT@d*3i7\0LE|&2fR\Z\0DL*Bc 2B[\0LE\0LE\0LE\0LE\0LE\0LE\0LE\0LE\0LE\0LE\0LE\0LE\0LE\0LE\0LE\0LE\0LE\0LE\0LE\0LE\0LE\0LE\0LE\0LE\0LE\0LE\0LE\0LE\0LE\0LE\0LE\0LE\0LE=̠%e&-a,3ghln	cI>CcsKL\Z[Xf2|03ymtyy<Ȓy̌[%	9\Zymlwwׯ_gggO<y!G===(_cVC$\"K&䵱\'N:ϟE\"\0?P.];y[f\"X077|\0߿#Q#仱D۷oj!|\"mGwc֖qGjqGr$L?vlڪ~ΝSˌC=\"K$o	Ǐa@ʯ-JODǎgF?::*<22eܕ\'0ԩSZ`G3#w]UrW~XpBO5&QUrZ~\Zzj~Scb@xN\n\'9,46؂Ɔ\Z[PBc\ZJhlBcC	-Xhl(\r%4`,hl\r,>[UR2W]sc#6z?ioh^埻Eߗ,~w?\r҂5rS\Zۿ?h,$pUnVi{\\0 ٽѠ@rklU\"vtU7 L6	3O1}|Kk9[/*r\r\Z[tnj]$ˮ?n!\n/xB7Hyy\Z[X,Vtv[aJoSܒ!ճ6#UʥmI-p/69DEc-\\BX99f7u}rRrq,Y*iBT綆5!-OrfWPUTdaVlmLuLk_q(fA!UGHo\"툪8MmBJqC\Zlma۔5/:X1־\nMk-U/n	})@rklf:yeߟ9}s7rko_dH;+\".c\nphxR},:|뎷=ύPB\nL=\"ہ]gPZ`15։jl<KA!S73bBr;\'2lm{9qug^H5Qݴ\0	)Xrnl<ECO6t^8|XcuX\ZUHA/=\Z[al iOƒBc\ZJhlBcC	-Xhl(\r%4`,46؂Ɔ\Z[PBc\ZJhlc;IƎ322r#3qa۝+v?^UUu%[Ȓxd޹!_]&_chh8q)YXNB:vގ/\\\";sLww[\0I RYY){Eo__t;vLI;iKUZZ0&\"8诵]]]ⰥZ- ,7CE#innƌ\ZΗ755ɋ![ڀs\n1`%%%gϞEJcc#SSS#/6]\\M+شeee}Zl922V r\nDz\"daԅ!:x̫Ykˋct\\zURZ$A9a\0v0DBF:E[ȝ¥0qWV~=DՓ, 0:c\r:14ø$ńVL&/$Q/6\0e`R3(8;(Ntq5r\'mp5p:bZ.A+M\"э\0PQ1Q1\0醆9bRQ/6\0b_,	R2gLeETtq5r\'m)V3|D+M\"эźB1X+bk<c1\nxGZ$OD11Ǝ$HA$^rI\\gh\ZTXd	J$V~=D+cZqUE\rN:f-Go2^|tai`#qogIp1%Q-3biE\"!>p#C\'==Ac1-_3L\'$DDXB\"%$LXB%$LXB%$LXB%$LXB%$L&!NG	.\0\0\0\0IENDB`',0);

/*Table structure for table `ACT_GE_PROPERTY` */

DROP TABLE IF EXISTS `ACT_GE_PROPERTY`;

CREATE TABLE `ACT_GE_PROPERTY` (
  `NAME_` varchar(64) COLLATE utf8_bin NOT NULL,
  `VALUE_` varchar(300) COLLATE utf8_bin DEFAULT NULL,
  `REV_` int(11) DEFAULT NULL,
  PRIMARY KEY (`NAME_`)
) ENGINE=InnoDB DEFAULT CHARSET=utf8 COLLATE=utf8_bin;

/*Data for the table `ACT_GE_PROPERTY` */

insert  into `ACT_GE_PROPERTY`(`NAME_`,`VALUE_`,`REV_`) values ('next.dbid','10001',5),('schema.history','create(5.22.0.0)',1),('schema.version','5.22.0.0',1);

/*Table structure for table `ACT_HI_ACTINST` */

DROP TABLE IF EXISTS `ACT_HI_ACTINST`;

CREATE TABLE `ACT_HI_ACTINST` (
  `ID_` varchar(64) COLLATE utf8_bin NOT NULL,
  `PROC_DEF_ID_` varchar(64) COLLATE utf8_bin NOT NULL,
  `PROC_INST_ID_` varchar(64) COLLATE utf8_bin NOT NULL,
  `EXECUTION_ID_` varchar(64) COLLATE utf8_bin NOT NULL,
  `ACT_ID_` varchar(255) COLLATE utf8_bin NOT NULL,
  `TASK_ID_` varchar(64) COLLATE utf8_bin DEFAULT NULL,
  `CALL_PROC_INST_ID_` varchar(64) COLLATE utf8_bin DEFAULT NULL,
  `ACT_NAME_` varchar(255) COLLATE utf8_bin DEFAULT NULL,
  `ACT_TYPE_` varchar(255) COLLATE utf8_bin NOT NULL,
  `ASSIGNEE_` varchar(255) COLLATE utf8_bin DEFAULT NULL,
  `START_TIME_` datetime(3) NOT NULL,
  `END_TIME_` datetime(3) DEFAULT NULL,
  `DURATION_` bigint(20) DEFAULT NULL,
  `TENANT_ID_` varchar(255) COLLATE utf8_bin DEFAULT '',
  PRIMARY KEY (`ID_`),
  KEY `ACT_IDX_HI_ACT_INST_START` (`START_TIME_`),
  KEY `ACT_IDX_HI_ACT_INST_END` (`END_TIME_`),
  KEY `ACT_IDX_HI_ACT_INST_PROCINST` (`PROC_INST_ID_`,`ACT_ID_`),
  KEY `ACT_IDX_HI_ACT_INST_EXEC` (`EXECUTION_ID_`,`ACT_ID_`)
) ENGINE=InnoDB DEFAULT CHARSET=utf8 COLLATE=utf8_bin;

/*Data for the table `ACT_HI_ACTINST` */

insert  into `ACT_HI_ACTINST`(`ID_`,`PROC_DEF_ID_`,`PROC_INST_ID_`,`EXECUTION_ID_`,`ACT_ID_`,`TASK_ID_`,`CALL_PROC_INST_ID_`,`ACT_NAME_`,`ACT_TYPE_`,`ASSIGNEE_`,`START_TIME_`,`END_TIME_`,`DURATION_`,`TENANT_ID_`) values ('5002','myProcess_1:2:2504','5001','5001','_2',NULL,NULL,'StartEvent','startEvent',NULL,'2020-03-04 15:10:15.890','2020-03-04 15:10:15.928',38,''),('5005','myProcess_1:2:2504','5001','5001','_5','5006',NULL,'管理员审批','userTask','1','2020-03-04 15:10:15.930',NULL,NULL,''),('7502','myProcess_1:2:2504','7501','7501','_2',NULL,NULL,'StartEvent','startEvent',NULL,'2020-03-06 02:39:38.159','2020-03-06 02:39:38.177',18,''),('7505','myProcess_1:2:2504','7501','7501','_5','7506',NULL,'管理员审批','userTask','1','2020-03-06 02:39:38.179',NULL,NULL,'');

/*Table structure for table `ACT_HI_ATTACHMENT` */

DROP TABLE IF EXISTS `ACT_HI_ATTACHMENT`;

CREATE TABLE `ACT_HI_ATTACHMENT` (
  `ID_` varchar(64) COLLATE utf8_bin NOT NULL,
  `REV_` int(11) DEFAULT NULL,
  `USER_ID_` varchar(255) COLLATE utf8_bin DEFAULT NULL,
  `NAME_` varchar(255) COLLATE utf8_bin DEFAULT NULL,
  `DESCRIPTION_` varchar(4000) COLLATE utf8_bin DEFAULT NULL,
  `TYPE_` varchar(255) COLLATE utf8_bin DEFAULT NULL,
  `TASK_ID_` varchar(64) COLLATE utf8_bin DEFAULT NULL,
  `PROC_INST_ID_` varchar(64) COLLATE utf8_bin DEFAULT NULL,
  `URL_` varchar(4000) COLLATE utf8_bin DEFAULT NULL,
  `CONTENT_ID_` varchar(64) COLLATE utf8_bin DEFAULT NULL,
  `TIME_` datetime(3) DEFAULT NULL,
  PRIMARY KEY (`ID_`)
) ENGINE=InnoDB DEFAULT CHARSET=utf8 COLLATE=utf8_bin;

/*Data for the table `ACT_HI_ATTACHMENT` */

/*Table structure for table `ACT_HI_COMMENT` */

DROP TABLE IF EXISTS `ACT_HI_COMMENT`;

CREATE TABLE `ACT_HI_COMMENT` (
  `ID_` varchar(64) COLLATE utf8_bin NOT NULL,
  `TYPE_` varchar(255) COLLATE utf8_bin DEFAULT NULL,
  `TIME_` datetime(3) NOT NULL,
  `USER_ID_` varchar(255) COLLATE utf8_bin DEFAULT NULL,
  `TASK_ID_` varchar(64) COLLATE utf8_bin DEFAULT NULL,
  `PROC_INST_ID_` varchar(64) COLLATE utf8_bin DEFAULT NULL,
  `ACTION_` varchar(255) COLLATE utf8_bin DEFAULT NULL,
  `MESSAGE_` varchar(4000) COLLATE utf8_bin DEFAULT NULL,
  `FULL_MSG_` longblob,
  PRIMARY KEY (`ID_`)
) ENGINE=InnoDB DEFAULT CHARSET=utf8 COLLATE=utf8_bin;

/*Data for the table `ACT_HI_COMMENT` */

/*Table structure for table `ACT_HI_DETAIL` */

DROP TABLE IF EXISTS `ACT_HI_DETAIL`;

CREATE TABLE `ACT_HI_DETAIL` (
  `ID_` varchar(64) COLLATE utf8_bin NOT NULL,
  `TYPE_` varchar(255) COLLATE utf8_bin NOT NULL,
  `PROC_INST_ID_` varchar(64) COLLATE utf8_bin DEFAULT NULL,
  `EXECUTION_ID_` varchar(64) COLLATE utf8_bin DEFAULT NULL,
  `TASK_ID_` varchar(64) COLLATE utf8_bin DEFAULT NULL,
  `ACT_INST_ID_` varchar(64) COLLATE utf8_bin DEFAULT NULL,
  `NAME_` varchar(255) COLLATE utf8_bin NOT NULL,
  `VAR_TYPE_` varchar(255) COLLATE utf8_bin DEFAULT NULL,
  `REV_` int(11) DEFAULT NULL,
  `TIME_` datetime(3) NOT NULL,
  `BYTEARRAY_ID_` varchar(64) COLLATE utf8_bin DEFAULT NULL,
  `DOUBLE_` double DEFAULT NULL,
  `LONG_` bigint(20) DEFAULT NULL,
  `TEXT_` varchar(4000) COLLATE utf8_bin DEFAULT NULL,
  `TEXT2_` varchar(4000) COLLATE utf8_bin DEFAULT NULL,
  PRIMARY KEY (`ID_`),
  KEY `ACT_IDX_HI_DETAIL_PROC_INST` (`PROC_INST_ID_`),
  KEY `ACT_IDX_HI_DETAIL_ACT_INST` (`ACT_INST_ID_`),
  KEY `ACT_IDX_HI_DETAIL_TIME` (`TIME_`),
  KEY `ACT_IDX_HI_DETAIL_NAME` (`NAME_`),
  KEY `ACT_IDX_HI_DETAIL_TASK_ID` (`TASK_ID_`)
) ENGINE=InnoDB DEFAULT CHARSET=utf8 COLLATE=utf8_bin;

/*Data for the table `ACT_HI_DETAIL` */

/*Table structure for table `ACT_HI_IDENTITYLINK` */

DROP TABLE IF EXISTS `ACT_HI_IDENTITYLINK`;

CREATE TABLE `ACT_HI_IDENTITYLINK` (
  `ID_` varchar(64) COLLATE utf8_bin NOT NULL,
  `GROUP_ID_` varchar(255) COLLATE utf8_bin DEFAULT NULL,
  `TYPE_` varchar(255) COLLATE utf8_bin DEFAULT NULL,
  `USER_ID_` varchar(255) COLLATE utf8_bin DEFAULT NULL,
  `TASK_ID_` varchar(64) COLLATE utf8_bin DEFAULT NULL,
  `PROC_INST_ID_` varchar(64) COLLATE utf8_bin DEFAULT NULL,
  PRIMARY KEY (`ID_`),
  KEY `ACT_IDX_HI_IDENT_LNK_USER` (`USER_ID_`),
  KEY `ACT_IDX_HI_IDENT_LNK_TASK` (`TASK_ID_`),
  KEY `ACT_IDX_HI_IDENT_LNK_PROCINST` (`PROC_INST_ID_`)
) ENGINE=InnoDB DEFAULT CHARSET=utf8 COLLATE=utf8_bin;

/*Data for the table `ACT_HI_IDENTITYLINK` */

insert  into `ACT_HI_IDENTITYLINK`(`ID_`,`GROUP_ID_`,`TYPE_`,`USER_ID_`,`TASK_ID_`,`PROC_INST_ID_`) values ('5007',NULL,'participant','1',NULL,'5001'),('7507',NULL,'participant','1',NULL,'7501');

/*Table structure for table `ACT_HI_PROCINST` */

DROP TABLE IF EXISTS `ACT_HI_PROCINST`;

CREATE TABLE `ACT_HI_PROCINST` (
  `ID_` varchar(64) COLLATE utf8_bin NOT NULL,
  `PROC_INST_ID_` varchar(64) COLLATE utf8_bin NOT NULL,
  `BUSINESS_KEY_` varchar(255) COLLATE utf8_bin DEFAULT NULL,
  `PROC_DEF_ID_` varchar(64) COLLATE utf8_bin NOT NULL,
  `START_TIME_` datetime(3) NOT NULL,
  `END_TIME_` datetime(3) DEFAULT NULL,
  `DURATION_` bigint(20) DEFAULT NULL,
  `START_USER_ID_` varchar(255) COLLATE utf8_bin DEFAULT NULL,
  `START_ACT_ID_` varchar(255) COLLATE utf8_bin DEFAULT NULL,
  `END_ACT_ID_` varchar(255) COLLATE utf8_bin DEFAULT NULL,
  `SUPER_PROCESS_INSTANCE_ID_` varchar(64) COLLATE utf8_bin DEFAULT NULL,
  `DELETE_REASON_` varchar(4000) COLLATE utf8_bin DEFAULT NULL,
  `TENANT_ID_` varchar(255) COLLATE utf8_bin DEFAULT '',
  `NAME_` varchar(255) COLLATE utf8_bin DEFAULT NULL,
  PRIMARY KEY (`ID_`),
  UNIQUE KEY `PROC_INST_ID_` (`PROC_INST_ID_`),
  KEY `ACT_IDX_HI_PRO_INST_END` (`END_TIME_`),
  KEY `ACT_IDX_HI_PRO_I_BUSKEY` (`BUSINESS_KEY_`)
) ENGINE=InnoDB DEFAULT CHARSET=utf8 COLLATE=utf8_bin;

/*Data for the table `ACT_HI_PROCINST` */

insert  into `ACT_HI_PROCINST`(`ID_`,`PROC_INST_ID_`,`BUSINESS_KEY_`,`PROC_DEF_ID_`,`START_TIME_`,`END_TIME_`,`DURATION_`,`START_USER_ID_`,`START_ACT_ID_`,`END_ACT_ID_`,`SUPER_PROCESS_INSTANCE_ID_`,`DELETE_REASON_`,`TENANT_ID_`,`NAME_`) values ('5001','5001',NULL,'myProcess_1:2:2504','2020-03-04 15:10:15.888',NULL,NULL,NULL,'_2',NULL,NULL,NULL,'',NULL),('7501','7501',NULL,'myProcess_1:2:2504','2020-03-06 02:39:38.157',NULL,NULL,NULL,'_2',NULL,NULL,NULL,'',NULL);

/*Table structure for table `ACT_HI_TASKINST` */

DROP TABLE IF EXISTS `ACT_HI_TASKINST`;

CREATE TABLE `ACT_HI_TASKINST` (
  `ID_` varchar(64) COLLATE utf8_bin NOT NULL,
  `PROC_DEF_ID_` varchar(64) COLLATE utf8_bin DEFAULT NULL,
  `TASK_DEF_KEY_` varchar(255) COLLATE utf8_bin DEFAULT NULL,
  `PROC_INST_ID_` varchar(64) COLLATE utf8_bin DEFAULT NULL,
  `EXECUTION_ID_` varchar(64) COLLATE utf8_bin DEFAULT NULL,
  `NAME_` varchar(255) COLLATE utf8_bin DEFAULT NULL,
  `PARENT_TASK_ID_` varchar(64) COLLATE utf8_bin DEFAULT NULL,
  `DESCRIPTION_` varchar(4000) COLLATE utf8_bin DEFAULT NULL,
  `OWNER_` varchar(255) COLLATE utf8_bin DEFAULT NULL,
  `ASSIGNEE_` varchar(255) COLLATE utf8_bin DEFAULT NULL,
  `START_TIME_` datetime(3) NOT NULL,
  `CLAIM_TIME_` datetime(3) DEFAULT NULL,
  `END_TIME_` datetime(3) DEFAULT NULL,
  `DURATION_` bigint(20) DEFAULT NULL,
  `DELETE_REASON_` varchar(4000) COLLATE utf8_bin DEFAULT NULL,
  `PRIORITY_` int(11) DEFAULT NULL,
  `DUE_DATE_` datetime(3) DEFAULT NULL,
  `FORM_KEY_` varchar(255) COLLATE utf8_bin DEFAULT NULL,
  `CATEGORY_` varchar(255) COLLATE utf8_bin DEFAULT NULL,
  `TENANT_ID_` varchar(255) COLLATE utf8_bin DEFAULT '',
  PRIMARY KEY (`ID_`),
  KEY `ACT_IDX_HI_TASK_INST_PROCINST` (`PROC_INST_ID_`)
) ENGINE=InnoDB DEFAULT CHARSET=utf8 COLLATE=utf8_bin;

/*Data for the table `ACT_HI_TASKINST` */

insert  into `ACT_HI_TASKINST`(`ID_`,`PROC_DEF_ID_`,`TASK_DEF_KEY_`,`PROC_INST_ID_`,`EXECUTION_ID_`,`NAME_`,`PARENT_TASK_ID_`,`DESCRIPTION_`,`OWNER_`,`ASSIGNEE_`,`START_TIME_`,`CLAIM_TIME_`,`END_TIME_`,`DURATION_`,`DELETE_REASON_`,`PRIORITY_`,`DUE_DATE_`,`FORM_KEY_`,`CATEGORY_`,`TENANT_ID_`) values ('5006','myProcess_1:2:2504','_5','5001','5001','管理员审批',NULL,NULL,NULL,'1','2020-03-04 15:10:15.935',NULL,NULL,NULL,NULL,50,NULL,NULL,NULL,''),('7506','myProcess_1:2:2504','_5','7501','7501','管理员审批',NULL,NULL,NULL,'1','2020-03-06 02:39:38.182',NULL,NULL,NULL,NULL,50,NULL,NULL,NULL,'');

/*Table structure for table `ACT_HI_VARINST` */

DROP TABLE IF EXISTS `ACT_HI_VARINST`;

CREATE TABLE `ACT_HI_VARINST` (
  `ID_` varchar(64) COLLATE utf8_bin NOT NULL,
  `PROC_INST_ID_` varchar(64) COLLATE utf8_bin DEFAULT NULL,
  `EXECUTION_ID_` varchar(64) COLLATE utf8_bin DEFAULT NULL,
  `TASK_ID_` varchar(64) COLLATE utf8_bin DEFAULT NULL,
  `NAME_` varchar(255) COLLATE utf8_bin NOT NULL,
  `VAR_TYPE_` varchar(100) COLLATE utf8_bin DEFAULT NULL,
  `REV_` int(11) DEFAULT NULL,
  `BYTEARRAY_ID_` varchar(64) COLLATE utf8_bin DEFAULT NULL,
  `DOUBLE_` double DEFAULT NULL,
  `LONG_` bigint(20) DEFAULT NULL,
  `TEXT_` varchar(4000) COLLATE utf8_bin DEFAULT NULL,
  `TEXT2_` varchar(4000) COLLATE utf8_bin DEFAULT NULL,
  `CREATE_TIME_` datetime(3) DEFAULT NULL,
  `LAST_UPDATED_TIME_` datetime(3) DEFAULT NULL,
  PRIMARY KEY (`ID_`),
  KEY `ACT_IDX_HI_PROCVAR_PROC_INST` (`PROC_INST_ID_`),
  KEY `ACT_IDX_HI_PROCVAR_NAME_TYPE` (`NAME_`,`VAR_TYPE_`),
  KEY `ACT_IDX_HI_PROCVAR_TASK_ID` (`TASK_ID_`)
) ENGINE=InnoDB DEFAULT CHARSET=utf8 COLLATE=utf8_bin;

/*Data for the table `ACT_HI_VARINST` */

insert  into `ACT_HI_VARINST`(`ID_`,`PROC_INST_ID_`,`EXECUTION_ID_`,`TASK_ID_`,`NAME_`,`VAR_TYPE_`,`REV_`,`BYTEARRAY_ID_`,`DOUBLE_`,`LONG_`,`TEXT_`,`TEXT2_`,`CREATE_TIME_`,`LAST_UPDATED_TIME_`) values ('5003','5001','5001',NULL,'adminUserId','string',0,NULL,NULL,NULL,'1',NULL,'2020-03-04 15:10:15.890','2020-03-04 15:10:15.890'),('5004','5001','5001',NULL,'soruceUserId','integer',0,NULL,NULL,1,'1',NULL,'2020-03-04 15:10:15.891','2020-03-04 15:10:15.891'),('7503','7501','7501',NULL,'adminUserId','string',0,NULL,NULL,NULL,'1',NULL,'2020-03-06 02:39:38.159','2020-03-06 02:39:38.159'),('7504','7501','7501',NULL,'soruceUserId','integer',0,NULL,NULL,1,'1',NULL,'2020-03-06 02:39:38.160','2020-03-06 02:39:38.160');

/*Table structure for table `ACT_ID_GROUP` */

DROP TABLE IF EXISTS `ACT_ID_GROUP`;

CREATE TABLE `ACT_ID_GROUP` (
  `ID_` varchar(64) COLLATE utf8_bin NOT NULL,
  `REV_` int(11) DEFAULT NULL,
  `NAME_` varchar(255) COLLATE utf8_bin DEFAULT NULL,
  `TYPE_` varchar(255) COLLATE utf8_bin DEFAULT NULL,
  PRIMARY KEY (`ID_`)
) ENGINE=InnoDB DEFAULT CHARSET=utf8 COLLATE=utf8_bin;

/*Data for the table `ACT_ID_GROUP` */

/*Table structure for table `ACT_ID_INFO` */

DROP TABLE IF EXISTS `ACT_ID_INFO`;

CREATE TABLE `ACT_ID_INFO` (
  `ID_` varchar(64) COLLATE utf8_bin NOT NULL,
  `REV_` int(11) DEFAULT NULL,
  `USER_ID_` varchar(64) COLLATE utf8_bin DEFAULT NULL,
  `TYPE_` varchar(64) COLLATE utf8_bin DEFAULT NULL,
  `KEY_` varchar(255) COLLATE utf8_bin DEFAULT NULL,
  `VALUE_` varchar(255) COLLATE utf8_bin DEFAULT NULL,
  `PASSWORD_` longblob,
  `PARENT_ID_` varchar(255) COLLATE utf8_bin DEFAULT NULL,
  PRIMARY KEY (`ID_`)
) ENGINE=InnoDB DEFAULT CHARSET=utf8 COLLATE=utf8_bin;

/*Data for the table `ACT_ID_INFO` */

/*Table structure for table `ACT_ID_MEMBERSHIP` */

DROP TABLE IF EXISTS `ACT_ID_MEMBERSHIP`;

CREATE TABLE `ACT_ID_MEMBERSHIP` (
  `USER_ID_` varchar(64) COLLATE utf8_bin NOT NULL,
  `GROUP_ID_` varchar(64) COLLATE utf8_bin NOT NULL,
  PRIMARY KEY (`USER_ID_`,`GROUP_ID_`),
  KEY `ACT_FK_MEMB_GROUP` (`GROUP_ID_`),
  CONSTRAINT `ACT_FK_MEMB_GROUP` FOREIGN KEY (`GROUP_ID_`) REFERENCES `ACT_ID_GROUP` (`ID_`),
  CONSTRAINT `ACT_FK_MEMB_USER` FOREIGN KEY (`USER_ID_`) REFERENCES `ACT_ID_USER` (`ID_`)
) ENGINE=InnoDB DEFAULT CHARSET=utf8 COLLATE=utf8_bin;

/*Data for the table `ACT_ID_MEMBERSHIP` */

/*Table structure for table `ACT_ID_USER` */

DROP TABLE IF EXISTS `ACT_ID_USER`;

CREATE TABLE `ACT_ID_USER` (
  `ID_` varchar(64) COLLATE utf8_bin NOT NULL,
  `REV_` int(11) DEFAULT NULL,
  `FIRST_` varchar(255) COLLATE utf8_bin DEFAULT NULL,
  `LAST_` varchar(255) COLLATE utf8_bin DEFAULT NULL,
  `EMAIL_` varchar(255) COLLATE utf8_bin DEFAULT NULL,
  `PWD_` varchar(255) COLLATE utf8_bin DEFAULT NULL,
  `PICTURE_ID_` varchar(64) COLLATE utf8_bin DEFAULT NULL,
  PRIMARY KEY (`ID_`)
) ENGINE=InnoDB DEFAULT CHARSET=utf8 COLLATE=utf8_bin;

/*Data for the table `ACT_ID_USER` */

/*Table structure for table `ACT_PROCDEF_INFO` */

DROP TABLE IF EXISTS `ACT_PROCDEF_INFO`;

CREATE TABLE `ACT_PROCDEF_INFO` (
  `ID_` varchar(64) COLLATE utf8_bin NOT NULL,
  `PROC_DEF_ID_` varchar(64) COLLATE utf8_bin NOT NULL,
  `REV_` int(11) DEFAULT NULL,
  `INFO_JSON_ID_` varchar(64) COLLATE utf8_bin DEFAULT NULL,
  PRIMARY KEY (`ID_`),
  UNIQUE KEY `ACT_UNIQ_INFO_PROCDEF` (`PROC_DEF_ID_`),
  KEY `ACT_IDX_INFO_PROCDEF` (`PROC_DEF_ID_`),
  KEY `ACT_FK_INFO_JSON_BA` (`INFO_JSON_ID_`),
  CONSTRAINT `ACT_FK_INFO_JSON_BA` FOREIGN KEY (`INFO_JSON_ID_`) REFERENCES `ACT_GE_BYTEARRAY` (`ID_`),
  CONSTRAINT `ACT_FK_INFO_PROCDEF` FOREIGN KEY (`PROC_DEF_ID_`) REFERENCES `ACT_RE_PROCDEF` (`ID_`)
) ENGINE=InnoDB DEFAULT CHARSET=utf8 COLLATE=utf8_bin;

/*Data for the table `ACT_PROCDEF_INFO` */

/*Table structure for table `ACT_RE_DEPLOYMENT` */

DROP TABLE IF EXISTS `ACT_RE_DEPLOYMENT`;

CREATE TABLE `ACT_RE_DEPLOYMENT` (
  `ID_` varchar(64) COLLATE utf8_bin NOT NULL,
  `NAME_` varchar(255) COLLATE utf8_bin DEFAULT NULL,
  `CATEGORY_` varchar(255) COLLATE utf8_bin DEFAULT NULL,
  `TENANT_ID_` varchar(255) COLLATE utf8_bin DEFAULT '',
  `DEPLOY_TIME_` timestamp(3) NULL DEFAULT NULL,
  PRIMARY KEY (`ID_`)
) ENGINE=InnoDB DEFAULT CHARSET=utf8 COLLATE=utf8_bin;

/*Data for the table `ACT_RE_DEPLOYMENT` */

insert  into `ACT_RE_DEPLOYMENT`(`ID_`,`NAME_`,`CATEGORY_`,`TENANT_ID_`,`DEPLOY_TIME_`) values ('1',NULL,NULL,'','2020-03-04 14:51:22.324'),('2501','SpringAutoDeployment',NULL,'','2020-03-04 15:04:10.581');

/*Table structure for table `ACT_RE_MODEL` */

DROP TABLE IF EXISTS `ACT_RE_MODEL`;

CREATE TABLE `ACT_RE_MODEL` (
  `ID_` varchar(64) COLLATE utf8_bin NOT NULL,
  `REV_` int(11) DEFAULT NULL,
  `NAME_` varchar(255) COLLATE utf8_bin DEFAULT NULL,
  `KEY_` varchar(255) COLLATE utf8_bin DEFAULT NULL,
  `CATEGORY_` varchar(255) COLLATE utf8_bin DEFAULT NULL,
  `CREATE_TIME_` timestamp(3) NULL DEFAULT NULL,
  `LAST_UPDATE_TIME_` timestamp(3) NULL DEFAULT NULL,
  `VERSION_` int(11) DEFAULT NULL,
  `META_INFO_` varchar(4000) COLLATE utf8_bin DEFAULT NULL,
  `DEPLOYMENT_ID_` varchar(64) COLLATE utf8_bin DEFAULT NULL,
  `EDITOR_SOURCE_VALUE_ID_` varchar(64) COLLATE utf8_bin DEFAULT NULL,
  `EDITOR_SOURCE_EXTRA_VALUE_ID_` varchar(64) COLLATE utf8_bin DEFAULT NULL,
  `TENANT_ID_` varchar(255) COLLATE utf8_bin DEFAULT '',
  PRIMARY KEY (`ID_`),
  KEY `ACT_FK_MODEL_SOURCE` (`EDITOR_SOURCE_VALUE_ID_`),
  KEY `ACT_FK_MODEL_SOURCE_EXTRA` (`EDITOR_SOURCE_EXTRA_VALUE_ID_`),
  KEY `ACT_FK_MODEL_DEPLOYMENT` (`DEPLOYMENT_ID_`),
  CONSTRAINT `ACT_FK_MODEL_DEPLOYMENT` FOREIGN KEY (`DEPLOYMENT_ID_`) REFERENCES `ACT_RE_DEPLOYMENT` (`ID_`),
  CONSTRAINT `ACT_FK_MODEL_SOURCE` FOREIGN KEY (`EDITOR_SOURCE_VALUE_ID_`) REFERENCES `ACT_GE_BYTEARRAY` (`ID_`),
  CONSTRAINT `ACT_FK_MODEL_SOURCE_EXTRA` FOREIGN KEY (`EDITOR_SOURCE_EXTRA_VALUE_ID_`) REFERENCES `ACT_GE_BYTEARRAY` (`ID_`)
) ENGINE=InnoDB DEFAULT CHARSET=utf8 COLLATE=utf8_bin;

/*Data for the table `ACT_RE_MODEL` */

/*Table structure for table `ACT_RE_PROCDEF` */

DROP TABLE IF EXISTS `ACT_RE_PROCDEF`;

CREATE TABLE `ACT_RE_PROCDEF` (
  `ID_` varchar(64) COLLATE utf8_bin NOT NULL,
  `REV_` int(11) DEFAULT NULL,
  `CATEGORY_` varchar(255) COLLATE utf8_bin DEFAULT NULL,
  `NAME_` varchar(255) COLLATE utf8_bin DEFAULT NULL,
  `KEY_` varchar(255) COLLATE utf8_bin NOT NULL,
  `VERSION_` int(11) NOT NULL,
  `DEPLOYMENT_ID_` varchar(64) COLLATE utf8_bin DEFAULT NULL,
  `RESOURCE_NAME_` varchar(4000) COLLATE utf8_bin DEFAULT NULL,
  `DGRM_RESOURCE_NAME_` varchar(4000) COLLATE utf8_bin DEFAULT NULL,
  `DESCRIPTION_` varchar(4000) COLLATE utf8_bin DEFAULT NULL,
  `HAS_START_FORM_KEY_` tinyint(4) DEFAULT NULL,
  `HAS_GRAPHICAL_NOTATION_` tinyint(4) DEFAULT NULL,
  `SUSPENSION_STATE_` int(11) DEFAULT NULL,
  `TENANT_ID_` varchar(255) COLLATE utf8_bin DEFAULT '',
  PRIMARY KEY (`ID_`),
  UNIQUE KEY `ACT_UNIQ_PROCDEF` (`KEY_`,`VERSION_`,`TENANT_ID_`)
) ENGINE=InnoDB DEFAULT CHARSET=utf8 COLLATE=utf8_bin;

/*Data for the table `ACT_RE_PROCDEF` */

insert  into `ACT_RE_PROCDEF`(`ID_`,`REV_`,`CATEGORY_`,`NAME_`,`KEY_`,`VERSION_`,`DEPLOYMENT_ID_`,`RESOURCE_NAME_`,`DGRM_RESOURCE_NAME_`,`DESCRIPTION_`,`HAS_START_FORM_KEY_`,`HAS_GRAPHICAL_NOTATION_`,`SUSPENSION_STATE_`,`TENANT_ID_`) values ('myProcess_1:1:4',1,'http://www.activiti.org/testm1583134321766','submit','myProcess_1',1,'1','baoxiao.bpmn','baoxiao.png',NULL,0,1,1,''),('myProcess_1:2:2504',1,'http://www.activiti.org/testm1583134321766','submit','myProcess_1',2,'2501','D:\\MSOA\\毕业设计\\manager\\target\\classes\\baoxiao.bpmn','D:\\MSOA\\毕业设计\\manager\\target\\classes\\baoxiao.myProcess_1.png',NULL,0,1,1,'');

/*Table structure for table `ACT_RU_EVENT_SUBSCR` */

DROP TABLE IF EXISTS `ACT_RU_EVENT_SUBSCR`;

CREATE TABLE `ACT_RU_EVENT_SUBSCR` (
  `ID_` varchar(64) COLLATE utf8_bin NOT NULL,
  `REV_` int(11) DEFAULT NULL,
  `EVENT_TYPE_` varchar(255) COLLATE utf8_bin NOT NULL,
  `EVENT_NAME_` varchar(255) COLLATE utf8_bin DEFAULT NULL,
  `EXECUTION_ID_` varchar(64) COLLATE utf8_bin DEFAULT NULL,
  `PROC_INST_ID_` varchar(64) COLLATE utf8_bin DEFAULT NULL,
  `ACTIVITY_ID_` varchar(64) COLLATE utf8_bin DEFAULT NULL,
  `CONFIGURATION_` varchar(255) COLLATE utf8_bin DEFAULT NULL,
  `CREATED_` timestamp(3) NOT NULL DEFAULT CURRENT_TIMESTAMP(3),
  `PROC_DEF_ID_` varchar(64) COLLATE utf8_bin DEFAULT NULL,
  `TENANT_ID_` varchar(255) COLLATE utf8_bin DEFAULT '',
  PRIMARY KEY (`ID_`),
  KEY `ACT_IDX_EVENT_SUBSCR_CONFIG_` (`CONFIGURATION_`),
  KEY `ACT_FK_EVENT_EXEC` (`EXECUTION_ID_`),
  CONSTRAINT `ACT_FK_EVENT_EXEC` FOREIGN KEY (`EXECUTION_ID_`) REFERENCES `ACT_RU_EXECUTION` (`ID_`)
) ENGINE=InnoDB DEFAULT CHARSET=utf8 COLLATE=utf8_bin;

/*Data for the table `ACT_RU_EVENT_SUBSCR` */

/*Table structure for table `ACT_RU_EXECUTION` */

DROP TABLE IF EXISTS `ACT_RU_EXECUTION`;

CREATE TABLE `ACT_RU_EXECUTION` (
  `ID_` varchar(64) COLLATE utf8_bin NOT NULL,
  `REV_` int(11) DEFAULT NULL,
  `PROC_INST_ID_` varchar(64) COLLATE utf8_bin DEFAULT NULL,
  `BUSINESS_KEY_` varchar(255) COLLATE utf8_bin DEFAULT NULL,
  `PARENT_ID_` varchar(64) COLLATE utf8_bin DEFAULT NULL,
  `PROC_DEF_ID_` varchar(64) COLLATE utf8_bin DEFAULT NULL,
  `SUPER_EXEC_` varchar(64) COLLATE utf8_bin DEFAULT NULL,
  `ACT_ID_` varchar(255) COLLATE utf8_bin DEFAULT NULL,
  `IS_ACTIVE_` tinyint(4) DEFAULT NULL,
  `IS_CONCURRENT_` tinyint(4) DEFAULT NULL,
  `IS_SCOPE_` tinyint(4) DEFAULT NULL,
  `IS_EVENT_SCOPE_` tinyint(4) DEFAULT NULL,
  `SUSPENSION_STATE_` int(11) DEFAULT NULL,
  `CACHED_ENT_STATE_` int(11) DEFAULT NULL,
  `TENANT_ID_` varchar(255) COLLATE utf8_bin DEFAULT '',
  `NAME_` varchar(255) COLLATE utf8_bin DEFAULT NULL,
  `LOCK_TIME_` timestamp(3) NULL DEFAULT NULL,
  PRIMARY KEY (`ID_`),
  KEY `ACT_IDX_EXEC_BUSKEY` (`BUSINESS_KEY_`),
  KEY `ACT_FK_EXE_PROCINST` (`PROC_INST_ID_`),
  KEY `ACT_FK_EXE_PARENT` (`PARENT_ID_`),
  KEY `ACT_FK_EXE_SUPER` (`SUPER_EXEC_`),
  KEY `ACT_FK_EXE_PROCDEF` (`PROC_DEF_ID_`),
  CONSTRAINT `ACT_FK_EXE_PARENT` FOREIGN KEY (`PARENT_ID_`) REFERENCES `ACT_RU_EXECUTION` (`ID_`),
  CONSTRAINT `ACT_FK_EXE_PROCDEF` FOREIGN KEY (`PROC_DEF_ID_`) REFERENCES `ACT_RE_PROCDEF` (`ID_`),
  CONSTRAINT `ACT_FK_EXE_PROCINST` FOREIGN KEY (`PROC_INST_ID_`) REFERENCES `ACT_RU_EXECUTION` (`ID_`) ON DELETE CASCADE ON UPDATE CASCADE,
  CONSTRAINT `ACT_FK_EXE_SUPER` FOREIGN KEY (`SUPER_EXEC_`) REFERENCES `ACT_RU_EXECUTION` (`ID_`)
) ENGINE=InnoDB DEFAULT CHARSET=utf8 COLLATE=utf8_bin;

/*Data for the table `ACT_RU_EXECUTION` */

insert  into `ACT_RU_EXECUTION`(`ID_`,`REV_`,`PROC_INST_ID_`,`BUSINESS_KEY_`,`PARENT_ID_`,`PROC_DEF_ID_`,`SUPER_EXEC_`,`ACT_ID_`,`IS_ACTIVE_`,`IS_CONCURRENT_`,`IS_SCOPE_`,`IS_EVENT_SCOPE_`,`SUSPENSION_STATE_`,`CACHED_ENT_STATE_`,`TENANT_ID_`,`NAME_`,`LOCK_TIME_`) values ('5001',1,'5001',NULL,NULL,'myProcess_1:2:2504',NULL,'_5',1,0,1,0,1,2,'',NULL,NULL),('7501',1,'7501',NULL,NULL,'myProcess_1:2:2504',NULL,'_5',1,0,1,0,1,2,'',NULL,NULL);

/*Table structure for table `ACT_RU_IDENTITYLINK` */

DROP TABLE IF EXISTS `ACT_RU_IDENTITYLINK`;

CREATE TABLE `ACT_RU_IDENTITYLINK` (
  `ID_` varchar(64) COLLATE utf8_bin NOT NULL,
  `REV_` int(11) DEFAULT NULL,
  `GROUP_ID_` varchar(255) COLLATE utf8_bin DEFAULT NULL,
  `TYPE_` varchar(255) COLLATE utf8_bin DEFAULT NULL,
  `USER_ID_` varchar(255) COLLATE utf8_bin DEFAULT NULL,
  `TASK_ID_` varchar(64) COLLATE utf8_bin DEFAULT NULL,
  `PROC_INST_ID_` varchar(64) COLLATE utf8_bin DEFAULT NULL,
  `PROC_DEF_ID_` varchar(64) COLLATE utf8_bin DEFAULT NULL,
  PRIMARY KEY (`ID_`),
  KEY `ACT_IDX_IDENT_LNK_USER` (`USER_ID_`),
  KEY `ACT_IDX_IDENT_LNK_GROUP` (`GROUP_ID_`),
  KEY `ACT_IDX_ATHRZ_PROCEDEF` (`PROC_DEF_ID_`),
  KEY `ACT_FK_TSKASS_TASK` (`TASK_ID_`),
  KEY `ACT_FK_IDL_PROCINST` (`PROC_INST_ID_`),
  CONSTRAINT `ACT_FK_ATHRZ_PROCEDEF` FOREIGN KEY (`PROC_DEF_ID_`) REFERENCES `ACT_RE_PROCDEF` (`ID_`),
  CONSTRAINT `ACT_FK_IDL_PROCINST` FOREIGN KEY (`PROC_INST_ID_`) REFERENCES `ACT_RU_EXECUTION` (`ID_`),
  CONSTRAINT `ACT_FK_TSKASS_TASK` FOREIGN KEY (`TASK_ID_`) REFERENCES `ACT_RU_TASK` (`ID_`)
) ENGINE=InnoDB DEFAULT CHARSET=utf8 COLLATE=utf8_bin;

/*Data for the table `ACT_RU_IDENTITYLINK` */

insert  into `ACT_RU_IDENTITYLINK`(`ID_`,`REV_`,`GROUP_ID_`,`TYPE_`,`USER_ID_`,`TASK_ID_`,`PROC_INST_ID_`,`PROC_DEF_ID_`) values ('5007',1,NULL,'participant','1',NULL,'5001',NULL),('7507',1,NULL,'participant','1',NULL,'7501',NULL);

/*Table structure for table `ACT_RU_JOB` */

DROP TABLE IF EXISTS `ACT_RU_JOB`;

CREATE TABLE `ACT_RU_JOB` (
  `ID_` varchar(64) COLLATE utf8_bin NOT NULL,
  `REV_` int(11) DEFAULT NULL,
  `TYPE_` varchar(255) COLLATE utf8_bin NOT NULL,
  `LOCK_EXP_TIME_` timestamp(3) NULL DEFAULT NULL,
  `LOCK_OWNER_` varchar(255) COLLATE utf8_bin DEFAULT NULL,
  `EXCLUSIVE_` tinyint(1) DEFAULT NULL,
  `EXECUTION_ID_` varchar(64) COLLATE utf8_bin DEFAULT NULL,
  `PROCESS_INSTANCE_ID_` varchar(64) COLLATE utf8_bin DEFAULT NULL,
  `PROC_DEF_ID_` varchar(64) COLLATE utf8_bin DEFAULT NULL,
  `RETRIES_` int(11) DEFAULT NULL,
  `EXCEPTION_STACK_ID_` varchar(64) COLLATE utf8_bin DEFAULT NULL,
  `EXCEPTION_MSG_` varchar(4000) COLLATE utf8_bin DEFAULT NULL,
  `DUEDATE_` timestamp(3) NULL DEFAULT NULL,
  `REPEAT_` varchar(255) COLLATE utf8_bin DEFAULT NULL,
  `HANDLER_TYPE_` varchar(255) COLLATE utf8_bin DEFAULT NULL,
  `HANDLER_CFG_` varchar(4000) COLLATE utf8_bin DEFAULT NULL,
  `TENANT_ID_` varchar(255) COLLATE utf8_bin DEFAULT '',
  PRIMARY KEY (`ID_`),
  KEY `ACT_FK_JOB_EXCEPTION` (`EXCEPTION_STACK_ID_`),
  CONSTRAINT `ACT_FK_JOB_EXCEPTION` FOREIGN KEY (`EXCEPTION_STACK_ID_`) REFERENCES `ACT_GE_BYTEARRAY` (`ID_`)
) ENGINE=InnoDB DEFAULT CHARSET=utf8 COLLATE=utf8_bin;

/*Data for the table `ACT_RU_JOB` */

/*Table structure for table `ACT_RU_TASK` */

DROP TABLE IF EXISTS `ACT_RU_TASK`;

CREATE TABLE `ACT_RU_TASK` (
  `ID_` varchar(64) COLLATE utf8_bin NOT NULL,
  `REV_` int(11) DEFAULT NULL,
  `EXECUTION_ID_` varchar(64) COLLATE utf8_bin DEFAULT NULL,
  `PROC_INST_ID_` varchar(64) COLLATE utf8_bin DEFAULT NULL,
  `PROC_DEF_ID_` varchar(64) COLLATE utf8_bin DEFAULT NULL,
  `NAME_` varchar(255) COLLATE utf8_bin DEFAULT NULL,
  `PARENT_TASK_ID_` varchar(64) COLLATE utf8_bin DEFAULT NULL,
  `DESCRIPTION_` varchar(4000) COLLATE utf8_bin DEFAULT NULL,
  `TASK_DEF_KEY_` varchar(255) COLLATE utf8_bin DEFAULT NULL,
  `OWNER_` varchar(255) COLLATE utf8_bin DEFAULT NULL,
  `ASSIGNEE_` varchar(255) COLLATE utf8_bin DEFAULT NULL,
  `DELEGATION_` varchar(64) COLLATE utf8_bin DEFAULT NULL,
  `PRIORITY_` int(11) DEFAULT NULL,
  `CREATE_TIME_` timestamp(3) NULL DEFAULT NULL,
  `DUE_DATE_` datetime(3) DEFAULT NULL,
  `CATEGORY_` varchar(255) COLLATE utf8_bin DEFAULT NULL,
  `SUSPENSION_STATE_` int(11) DEFAULT NULL,
  `TENANT_ID_` varchar(255) COLLATE utf8_bin DEFAULT '',
  `FORM_KEY_` varchar(255) COLLATE utf8_bin DEFAULT NULL,
  PRIMARY KEY (`ID_`),
  KEY `ACT_IDX_TASK_CREATE` (`CREATE_TIME_`),
  KEY `ACT_FK_TASK_EXE` (`EXECUTION_ID_`),
  KEY `ACT_FK_TASK_PROCINST` (`PROC_INST_ID_`),
  KEY `ACT_FK_TASK_PROCDEF` (`PROC_DEF_ID_`),
  CONSTRAINT `ACT_FK_TASK_EXE` FOREIGN KEY (`EXECUTION_ID_`) REFERENCES `ACT_RU_EXECUTION` (`ID_`),
  CONSTRAINT `ACT_FK_TASK_PROCDEF` FOREIGN KEY (`PROC_DEF_ID_`) REFERENCES `ACT_RE_PROCDEF` (`ID_`),
  CONSTRAINT `ACT_FK_TASK_PROCINST` FOREIGN KEY (`PROC_INST_ID_`) REFERENCES `ACT_RU_EXECUTION` (`ID_`)
) ENGINE=InnoDB DEFAULT CHARSET=utf8 COLLATE=utf8_bin;

/*Data for the table `ACT_RU_TASK` */

insert  into `ACT_RU_TASK`(`ID_`,`REV_`,`EXECUTION_ID_`,`PROC_INST_ID_`,`PROC_DEF_ID_`,`NAME_`,`PARENT_TASK_ID_`,`DESCRIPTION_`,`TASK_DEF_KEY_`,`OWNER_`,`ASSIGNEE_`,`DELEGATION_`,`PRIORITY_`,`CREATE_TIME_`,`DUE_DATE_`,`CATEGORY_`,`SUSPENSION_STATE_`,`TENANT_ID_`,`FORM_KEY_`) values ('5006',1,'5001','5001','myProcess_1:2:2504','管理员审批',NULL,NULL,'_5',NULL,'1',NULL,50,'2020-03-04 15:10:15.930',NULL,NULL,1,'',NULL),('7506',1,'7501','7501','myProcess_1:2:2504','管理员审批',NULL,NULL,'_5',NULL,'1',NULL,50,'2020-03-06 02:39:38.179',NULL,NULL,1,'',NULL);

/*Table structure for table `ACT_RU_VARIABLE` */

DROP TABLE IF EXISTS `ACT_RU_VARIABLE`;

CREATE TABLE `ACT_RU_VARIABLE` (
  `ID_` varchar(64) COLLATE utf8_bin NOT NULL,
  `REV_` int(11) DEFAULT NULL,
  `TYPE_` varchar(255) COLLATE utf8_bin NOT NULL,
  `NAME_` varchar(255) COLLATE utf8_bin NOT NULL,
  `EXECUTION_ID_` varchar(64) COLLATE utf8_bin DEFAULT NULL,
  `PROC_INST_ID_` varchar(64) COLLATE utf8_bin DEFAULT NULL,
  `TASK_ID_` varchar(64) COLLATE utf8_bin DEFAULT NULL,
  `BYTEARRAY_ID_` varchar(64) COLLATE utf8_bin DEFAULT NULL,
  `DOUBLE_` double DEFAULT NULL,
  `LONG_` bigint(20) DEFAULT NULL,
  `TEXT_` varchar(4000) COLLATE utf8_bin DEFAULT NULL,
  `TEXT2_` varchar(4000) COLLATE utf8_bin DEFAULT NULL,
  PRIMARY KEY (`ID_`),
  KEY `ACT_IDX_VARIABLE_TASK_ID` (`TASK_ID_`),
  KEY `ACT_FK_VAR_EXE` (`EXECUTION_ID_`),
  KEY `ACT_FK_VAR_PROCINST` (`PROC_INST_ID_`),
  KEY `ACT_FK_VAR_BYTEARRAY` (`BYTEARRAY_ID_`),
  CONSTRAINT `ACT_FK_VAR_BYTEARRAY` FOREIGN KEY (`BYTEARRAY_ID_`) REFERENCES `ACT_GE_BYTEARRAY` (`ID_`),
  CONSTRAINT `ACT_FK_VAR_EXE` FOREIGN KEY (`EXECUTION_ID_`) REFERENCES `ACT_RU_EXECUTION` (`ID_`),
  CONSTRAINT `ACT_FK_VAR_PROCINST` FOREIGN KEY (`PROC_INST_ID_`) REFERENCES `ACT_RU_EXECUTION` (`ID_`)
) ENGINE=InnoDB DEFAULT CHARSET=utf8 COLLATE=utf8_bin;

/*Data for the table `ACT_RU_VARIABLE` */

insert  into `ACT_RU_VARIABLE`(`ID_`,`REV_`,`TYPE_`,`NAME_`,`EXECUTION_ID_`,`PROC_INST_ID_`,`TASK_ID_`,`BYTEARRAY_ID_`,`DOUBLE_`,`LONG_`,`TEXT_`,`TEXT2_`) values ('5003',1,'string','adminUserId','5001','5001',NULL,NULL,NULL,NULL,'1',NULL),('5004',1,'integer','soruceUserId','5001','5001',NULL,NULL,NULL,1,'1',NULL),('7503',1,'string','adminUserId','7501','7501',NULL,NULL,NULL,NULL,'1',NULL),('7504',1,'integer','soruceUserId','7501','7501',NULL,NULL,NULL,1,'1',NULL);

/*Table structure for table `sys_permission` */

DROP TABLE IF EXISTS `sys_permission`;

CREATE TABLE `sys_permission` (
  `id` int(11) NOT NULL AUTO_INCREMENT,
  `parentId` int(11) NOT NULL,
  `name` varchar(50) NOT NULL,
  `css` varchar(30) DEFAULT NULL,
  `href` varchar(1000) DEFAULT NULL,
  `type` tinyint(1) NOT NULL,
  `permission` varchar(50) DEFAULT NULL,
  `sort` int(11) NOT NULL,
  PRIMARY KEY (`id`)
) ENGINE=InnoDB AUTO_INCREMENT=32 DEFAULT CHARSET=utf8mb4;

/*Data for the table `sys_permission` */

insert  into `sys_permission`(`id`,`parentId`,`name`,`css`,`href`,`type`,`permission`,`sort`) values (1,0,'用户管理','fa-users','',1,'',1),(2,1,'用户查询','fa-user','/api/getPage?pageName=user/user-list',1,'',2),(3,2,'查询','','',2,'sys:user:query',100),(4,2,'新增','','',2,'sys:user:add',100),(5,2,'删除',NULL,NULL,2,'sys:user:del',100),(6,1,'修改密码','fa-pencil-square-o','/api/getPage?pageName=user/user-change-password',1,'sys:user:password',4),(7,0,'系统设置','fa-gears','',1,'',5),(8,7,'菜单','fa-cog','/api/getPage?pageName=permission/permission-list',1,'',6),(9,8,'查询','','',2,'sys:menu:query',100),(10,8,'新增','','',2,'sys:menu:add',100),(11,8,'删除','','',2,'sys:menu:del',100),(12,7,'角色','fa-user-secret','/api/getPage?pageName=role/role-list',1,'',7),(13,12,'查询','','',2,'sys:role:query',100),(14,12,'新增','','',2,'sys:role:add',100),(15,12,'删除','','',2,'sys:role:del',100),(16,0,'文件管理','fa-folder-open','/api/getPage?pageName=file/file-list',1,'',8),(17,16,'查询','','',2,'sys:file:query',100),(18,16,'删除','','',2,'sys:file:del',100),(19,0,'数据源监控','fa-eye','druid/index.html',1,'',9),(20,0,'接口swagger','fa-file-pdf-o','swagger-ui.html',1,'',10),(21,0,'字段生成','fa-wrench','/api/getPage?pageName=generate/edit',1,'generate:edit',11),(22,0,'日志查询','fa-reorder','/api/getPage?pageName=log/log-list',1,'sys:log:query',13),(23,8,'修改',NULL,NULL,2,'sys:menu:edit',100),(24,12,'修改',NULL,NULL,2,'sys:role:edit',100),(25,2,'修改',NULL,NULL,2,'sys:user:edit',100),(28,0,'流程管理','','',1,'',14),(29,28,'用户申请','','/api/getPage?pageName=process/process-apply',1,'',15),(30,28,'代办事务','','/api/getPage?pageName=task/task-list',1,'',16),(31,28,'流程部署','','/api/getPage?pageName=process/process-add',1,'',17);

/*Table structure for table `sys_process` */

DROP TABLE IF EXISTS `sys_process`;

CREATE TABLE `sys_process` (
  `id` bigint(20) NOT NULL AUTO_INCREMENT,
  `title` varchar(48) NOT NULL,
  `content` varchar(256) DEFAULT NULL,
  `userId` bigint(20) NOT NULL,
  `username` varchar(12) NOT NULL,
  `createTime` datetime NOT NULL,
  `flage` tinyint(1) NOT NULL,
  PRIMARY KEY (`id`)
) ENGINE=InnoDB AUTO_INCREMENT=9 DEFAULT CHARSET=utf8mb4;

/*Data for the table `sys_process` */

insert  into `sys_process`(`id`,`title`,`content`,`userId`,`username`,`createTime`,`flage`) values (1,'请假申请','肚子疼',1,'管理员','2020-03-28 14:58:01',1),(2,'asdas',NULL,1,'管理员','2020-03-03 10:35:05',0),(3,'asdas',NULL,1,'管理员','2020-03-03 10:38:54',0),(4,'asdas','',1,'管理员','2020-03-03 10:52:58',0),(5,'请假','很难搞！',1,'管理员','2020-03-03 10:56:50',0),(6,'asdas','asdas',44,'阿达','2020-03-04 05:00:50',0),(7,'asd','asdasd',1,'mama','2020-03-04 15:10:14',0),(8,'请假','肚子疼...',1,'管理员','2020-03-06 02:31:45',0);

/*Table structure for table `sys_role` */

DROP TABLE IF EXISTS `sys_role`;

CREATE TABLE `sys_role` (
  `id` int(11) NOT NULL AUTO_INCREMENT,
  `name` varchar(50) NOT NULL,
  `description` varchar(100) DEFAULT NULL,
  `createTime` datetime NOT NULL,
  `updateTime` datetime NOT NULL,
  PRIMARY KEY (`id`),
  UNIQUE KEY `name` (`name`) USING BTREE
) ENGINE=InnoDB AUTO_INCREMENT=7 DEFAULT CHARSET=utf8mb4;

/*Data for the table `sys_role` */

insert  into `sys_role`(`id`,`name`,`description`,`createTime`,`updateTime`) values (1,'ADMIN','管理员','2017-05-01 13:25:39','2020-03-06 01:55:55'),(2,'USER','普通用户','2017-08-01 21:47:31','2019-05-30 09:08:24'),(3,'TEACHER','','2019-03-27 02:10:23','2019-05-23 07:48:01'),(4,'test','test','2019-04-29 02:16:48','2019-05-22 09:51:26'),(5,'Moster','Moster','2020-02-26 09:32:04','2020-02-26 09:32:04'),(6,'aaaa','mama ','2020-02-29 12:30:22','2020-03-04 05:13:20');

/*Table structure for table `sys_role_permission` */

DROP TABLE IF EXISTS `sys_role_permission`;

CREATE TABLE `sys_role_permission` (
  `roleId` int(11) NOT NULL,
  `permissionId` int(11) NOT NULL,
  PRIMARY KEY (`roleId`,`permissionId`),
  KEY `fk_sysrolepermission_permissionId` (`permissionId`),
  CONSTRAINT `fk_permission_roleId` FOREIGN KEY (`roleId`) REFERENCES `sys_role` (`id`) ON DELETE CASCADE,
  CONSTRAINT `fk_sysrolepermission_permissionId` FOREIGN KEY (`permissionId`) REFERENCES `sys_permission` (`id`) ON DELETE CASCADE
) ENGINE=InnoDB DEFAULT CHARSET=utf8mb4;

/*Data for the table `sys_role_permission` */

insert  into `sys_role_permission`(`roleId`,`permissionId`) values (1,1),(2,1),(3,1),(4,1),(6,1),(1,2),(2,2),(3,2),(4,2),(6,2),(1,3),(2,3),(3,3),(4,3),(6,3),(1,4),(3,4),(4,4),(6,4),(1,5),(2,5),(3,5),(4,5),(1,6),(2,6),(3,6),(4,6),(1,7),(3,7),(4,7),(6,7),(1,8),(3,8),(4,8),(1,9),(3,9),(4,9),(1,10),(3,10),(4,10),(1,11),(3,11),(4,11),(1,12),(3,12),(4,12),(6,12),(1,13),(3,13),(4,13),(6,13),(1,14),(3,14),(4,14),(6,14),(1,15),(3,15),(4,15),(6,15),(3,16),(4,16),(3,17),(4,17),(3,18),(4,18),(1,19),(3,19),(4,19),(1,20),(2,20),(3,20),(4,20),(1,21),(2,21),(3,21),(4,21),(3,22),(4,22),(1,23),(3,23),(4,23),(1,24),(3,24),(4,24),(6,24),(1,25),(2,25),(3,25),(4,25),(1,28),(6,28),(1,29),(6,29),(1,30),(6,30),(1,31),(6,31);

/*Table structure for table `sys_role_user` */

DROP TABLE IF EXISTS `sys_role_user`;

CREATE TABLE `sys_role_user` (
  `userId` int(11) NOT NULL,
  `roleId` int(11) NOT NULL,
  PRIMARY KEY (`userId`,`roleId`),
  KEY `fk_roleId` (`roleId`),
  CONSTRAINT `fk_roleId` FOREIGN KEY (`roleId`) REFERENCES `sys_role` (`id`),
  CONSTRAINT `fk_userId` FOREIGN KEY (`userId`) REFERENCES `sys_user` (`id`)
) ENGINE=InnoDB DEFAULT CHARSET=utf8mb4;

/*Data for the table `sys_role_user` */

insert  into `sys_role_user`(`userId`,`roleId`) values (1,1),(2,2),(18,2),(27,2),(28,2),(29,2),(30,2),(41,2),(3,3),(26,3),(32,3),(44,6);

/*Table structure for table `sys_user` */

DROP TABLE IF EXISTS `sys_user`;

CREATE TABLE `sys_user` (
  `id` int(11) NOT NULL AUTO_INCREMENT,
  `username` varchar(50) NOT NULL,
  `password` varchar(60) NOT NULL,
  `nickname` varchar(255) DEFAULT NULL,
  `headImgUrl` varchar(255) DEFAULT NULL,
  `phone` varchar(11) DEFAULT NULL,
  `telephone` varchar(30) DEFAULT NULL,
  `email` varchar(50) DEFAULT NULL,
  `birthday` date DEFAULT NULL,
  `sex` tinyint(1) DEFAULT NULL,
  `status` tinyint(1) NOT NULL DEFAULT '1',
  `createTime` datetime NOT NULL,
  `updateTime` datetime NOT NULL,
  PRIMARY KEY (`id`),
  UNIQUE KEY `username` (`username`) USING BTREE
) ENGINE=InnoDB AUTO_INCREMENT=45 DEFAULT CHARSET=utf8mb4;

/*Data for the table `sys_user` */

insert  into `sys_user`(`id`,`username`,`password`,`nickname`,`headImgUrl`,`phone`,`telephone`,`email`,`birthday`,`sex`,`status`,`createTime`,`updateTime`) values (1,'admin','$2a$06$JlVBSJU9QvttHI1JMPu9kO3X3GN7i.mtMBC9Hd0Qq6khH9aDfz98q','管理员',NULL,NULL,'158784879852','12@qq.com',NULL,NULL,1,'2019-04-08 00:20:51','2019-04-08 00:20:51'),(2,'user','$2a$10$ILWAB4ZOoRr2pXqarliI6uAuL7Q/7dAMTpWO9p7dyVSHHO7zQMTeW','用户',NULL,NULL,'1111111111','11@qq.com','2019-03-31',NULL,1,'2019-04-09 06:44:50','2019-04-09 06:44:50'),(3,'alex','534b44a19bf18d20b71ecc4eb77c572f','讲师',NULL,'','13245698712','alex@qq.com','2019-03-31',1,1,'2019-03-27 02:27:35','2019-04-09 07:57:17'),(18,'user1','96e79218965eb72c92a549dd5a330112','111',NULL,NULL,'123455432123','134@qq.com','2019-05-12',NULL,1,'2019-05-14 04:44:22','2019-05-14 04:44:22'),(26,'user2','96e79218965eb72c92a549dd5a330112','user2',NULL,NULL,'09876567890','aa@QQ.com','2019-05-12',NULL,1,'2019-05-15 02:22:21','2019-05-21 00:57:14'),(27,'user3','96e79218965eb72c92a549dd5a330112','user3',NULL,NULL,'44366758876586578','bb@qq.com','2019-05-14',NULL,1,'2019-05-15 02:23:51','2019-05-15 02:23:51'),(28,'user4','96e79218965eb72c92a549dd5a330112','user4',NULL,NULL,'2143323543456876','cc@qq.com','2019-04-30',NULL,1,'2019-05-15 02:24:22','2019-05-15 02:24:22'),(29,'user5','96e79218965eb72c92a549dd5a330112','user5',NULL,NULL,'1221344234565','dd@qq.com','2018-12-03',NULL,1,'2019-05-15 02:24:49','2019-05-15 02:24:49'),(30,'user6','96e79218965eb72c92a549dd5a330112','user6',NULL,NULL,'123213215135453','ee@qq.coom','2019-05-15',NULL,1,'2019-05-15 02:25:16','2019-05-21 03:08:26'),(32,'user7','96e79218965eb72c92a549dd5a330112','user7',NULL,NULL,'21345457980765','tt@qq.com','2019-05-20',NULL,1,'2019-05-15 06:16:32','2019-05-21 03:08:37'),(41,'user67','96e79218965eb72c92a549dd5a330112','user67',NULL,NULL,'123456324568','asdsa@qq.com','2019-05-14',NULL,1,'2019-05-16 08:39:11','2019-05-16 08:39:11'),(43,'alex-s','$2a$10$uO3EmAB8LgkreKnwiro1Ium2n28iHDJw66e4prCesSOu0NrNvmkhu',NULL,NULL,NULL,NULL,NULL,NULL,NULL,1,'2019-05-29 06:07:53','2019-05-29 06:07:53'),(44,'mama','$2a$10$tKyEqO4gCCZTWDoto/zCXeoCCv6gz2pviG5HiVasjl0HOfJzeDaTy','mama',NULL,NULL,'1213060407229','363054104@qq.com','2019-11-04',NULL,1,'2020-02-29 12:32:13','2020-02-29 12:32:13');

/*!40101 SET SQL_MODE=@OLD_SQL_MODE */;
/*!40014 SET FOREIGN_KEY_CHECKS=@OLD_FOREIGN_KEY_CHECKS */;
/*!40014 SET UNIQUE_CHECKS=@OLD_UNIQUE_CHECKS */;
/*!40111 SET SQL_NOTES=@OLD_SQL_NOTES */;
